id;seccion;edad;pf_ac1;pf_ac2;pf_ac3;pf_alg_2019;pf_alg_2020;alg_1b_2021;alg_2b_2021;alg_3b_2021;alg_4b_2021;ind_nivel_algebra;grupo_mate;genero;anios_colegio;condicion_pago;pe1;pe2;horas_asincronas;valoracion_clases;dispos_clases;calidad_internet
1;A;15;13;19;14;16;15;16;16;15;17;3;0;M;3;deuda;Facil;Bueno;3 horas;Satisfecho;1;Buena
2;A;14;16;19;17;16;17;17;16;18;18;3;0;F;3;deuda;Muy facil;Excelente;De 4 horas a mas;Muy satisfecho;4;Muy buena
3;A;14;11;18;11;11;13;12;12;16;16;3;0;M;3;deuda;Facil;Indiferente;1 hora;Indiferente;1;Media
4;A;14;17;17;19;18;16;16;16;19;19;3;0;F;3;deuda;Muy facil;Excelente;De 4 horas a mas;Muy satisfecho;2;Muy buena
5;A;15;8;9;11;11;11;12;11;14;11;2;0;M;3;deuda;Ni facil ni dificil;Indiferente;1 hora;Indiferente;2;Media
6;A;14;17;18;18;16;17;17;18;18;17;3;0;M;3;deuda;Muy facil;Bueno;3 horas;Satisfecho;1;Buena
7;A;14;15;17;19;17;17;17;18;18;18;3;0;M;3;deuda;Muy facil;Bueno;3 horas;Indiferente;2;Buena
8;A;14;18;18;20;18;18;17;17;19;19;3;0;F;3;deuda;Muy facil;Excelente;De 4 horas a mas;Muy satisfecho;1;Muy buena
9;A;14;6;6;10;11;11;10;9;8;8;1;0;M;3;deuda;Ni facil ni dificil;Indiferente;2 horas;Indiferente;5;Media
10;A;14;16;17;20;17;16;15;15;18;18;3;0;F;3;deuda;Muy facil;Bueno;3 horas;Satisfecho;4;Buena
11;A;15;13;13;19;11;16;10;14;16;18;3;0;F;4;deuda;Facil;Bueno;3 horas;Satisfecho;2;Buena
12;A;15;13;15;18;18;15;15;16;18;18;3;0;M;3;deuda;Muy facil;Bueno;3 horas;Satisfecho;3;Buena
13;A;14;14;14;19;15;18;14;15;17;18;3;0;M;3;deuda;Muy facil;Bueno;3 horas;Satisfecho;3;Buena
14;A;14;17;17;17;17;17;17;17;17;17;3;0;F;3;deuda;Muy facil;Bueno;3 horas;Satisfecho;2;Buena
15;A;15;11;12;16;13;14;14;13;15;16;3;0;F;3;deuda;Facil;Bueno;3 horas;Satisfecho;1;Buena
16;A;15;18;18;20;19;19;18;18;19;19;3;0;F;3;deuda;Muy facil;Excelente;De 4 horas a mas;Muy satisfecho;2;Muy buena
17;A;14;16;18;19;19;19;17;19;18;19;3;0;F;3;deuda;Muy facil;Bueno;3 horas;Satisfecho;2;Buena
18;A;14;9;8;15;13;13;10;10;14;14;3;0;M;4;deuda;Facil;Indiferente;2 horas;Indiferente;3;Media
19;A;15;12;12;18;15;15;16;16;14;15;3;0;M;3;deuda;Facil;Indiferente;2 horas;Indiferente;4;Media
20;A;15;15;17;19;13;12;10;14;13;16;3;0;M;3;deuda;Facil;Bueno;3 horas;Satisfecho;2;Buena
21;A;14;16;17;18;16;19;16;17;17;19;3;0;M;3;deuda;Muy facil;Excelente;De 4 horas a mas;Muy satisfecho;4;Muy buena
22;A;14;14;14;17;17;17;16;18;16;18;3;0;M;3;deuda;Muy facil;Bueno;3 horas;Satisfecho;2;Buena
23;A;15;14;14;18;18;17;16;15;18;17;3;0;M;3;deuda;Muy facil;Bueno;3 horas;Satisfecho;2;Buena
24;A;15;11;9;16;11;13;9;11;12;13;2;0;M;3;deuda;Ni facil ni dificil;Indiferente;2 horas;Indiferente;3;Media
25;A;15;19;19;20;18;19;17;18;19;19;3;0;F;3;deuda;Muy facil;Excelente;De 4 horas a mas;Muy satisfecho;3;Muy buena
26;A;14;17;18;19;19;18;17;18;18;19;3;0;M;3;deuda;Muy facil;Excelente;De 4 horas a mas;Muy satisfecho;2;Muy buena
27;A;15;12;12;17;13;18;15;11;13;18;3;0;F;3;deuda;Facil;Bueno;3 horas;Satisfecho;2;Buena
28;A;14;17;18;19;16;15;15;17;18;18;3;0;F;3;deuda;Facil;Bueno;3 horas;Satisfecho;4;Buena
29;B;14;17;17;19;19;17;16;17;19;19;3;0;M;3;deuda;Muy facil;Excelente;De 4 horas a mas;Muy satisfecho;3;Muy buena
30;B;15;16;19;19;18;17;17;17;20;20;3;0;F;3;deuda;Muy facil;Excelente;De 4 horas a mas;Muy satisfecho;4;Muy buena
31;B;15;12;15;16;15;11;10;14;16;16;3;0;M;3;deuda;Facil;Indiferente;2 horas;Indiferente;4;Media
32;B;14;16;18;17;15;18;16;14;18;19;3;0;F;3;deuda;Muy facil;Bueno;3 horas;Satisfecho;3;Buena
33;B;14;19;19;19;20;20;17;18;20;20;3;0;F;4;deuda;Muy facil;Excelente;De 4 horas a mas;Muy satisfecho;2;Muy buena
34;B;14;17;18;19;19;18;18;18;18;19;3;0;F;4;deuda;Muy facil;Excelente;De 4 horas a mas;Muy satisfecho;5;Muy buena
35;B;15;16;18;19;15;16;16;15;18;18;3;0;M;3;deuda;Facil;Bueno;3 horas;Satisfecho;5;Buena
36;B;14;15;17;17;19;16;16;15;14;19;3;0;F;3;deuda;Muy facil;Bueno;3 horas;Satisfecho;5;Buena
37;B;15;15;16;17;18;16;17;18;14;18;3;0;F;3;deuda;Muy facil;Bueno;3 horas;Satisfecho;3;Buena
38;B;14;17;18;19;17;13;17;13;18;20;3;0;M;3;deuda;Facil;Bueno;3 horas;Satisfecho;4;Buena
39;B;14;14;16;15;20;16;13;16;17;28;3;0;M;3;deuda;FALSO;Bueno;3 horas;Satisfecho;3;Buena
40;B;15;19;19;19;18;17;19;17;20;20;3;0;F;3;deuda;Muy facil;Excelente;De 4 horas a mas;Muy satisfecho;3;Muy buena
41;B;14;13;14;15;15;16;13;14;16;16;3;0;F;3;deuda;Facil;Bueno;3 horas;Satisfecho;2;Buena
42;B;14;17;18;19;20;18;18;15;18;20;3;0;M;3;deuda;Muy facil;Excelente;De 4 horas a mas;Muy satisfecho;4;Muy buena
43;B;15;16;17;17;18;17;17;16;18;18;3;0;F;3;deuda;Muy facil;Bueno;3 horas;Satisfecho;2;Buena
44;B;14;14;15;18;17;15;11;15;14;18;3;0;F;3;deuda;Facil;Bueno;3 horas;Satisfecho;3;Buena
45;B;14;17;18;19;17;16;17;16;18;19;3;0;M;3;deuda;Muy facil;Excelente;De 4 horas a mas;Muy satisfecho;3;Muy buena
46;B;14;11;12;15;18;13;12;14;12;18;3;0;F;3;deuda;Facil;Bueno;3 horas;Satisfecho;4;Buena
47;B;14;18;18;20;18;19;17;16;20;20;3;0;M;3;deuda;Muy facil;Excelente;De 4 horas a mas;Muy satisfecho;3;Muy buena
48;B;14;15;17;16;15;16;15;14;17;16;3;0;M;3;deuda;Facil;Bueno;3 horas;Satisfecho;1;Buena
49;B;15;14;16;18;15;15;17;16;14;16;3;0;M;3;deuda;Facil;Bueno;3 horas;Satisfecho;1;Buena
50;B;14;15;18;17;18;19;18;16;19;18;3;0;F;3;deuda;Muy facil;Bueno;3 horas;Satisfecho;3;Buena
51;B;14;18;19;19;18;16;17;16;18;17;3;0;F;3;deuda;Muy facil;Excelente;De 4 horas a mas;Muy satisfecho;5;Muy buena
52;B;15;12;15;15;14;16;13;14;14;16;3;0;M;3;deuda;Facil;Bueno;3 horas;Satisfecho;1;Buena
53;B;15;15;16;17;16;16;16;15;15;16;3;0;F;3;deuda;Facil;Bueno;3 horas;Satisfecho;3;Buena
54;B;15;18;19;19;18;20;18;17;20;20;3;0;F;3;deuda;Muy facil;Excelente;De 4 horas a mas;Muy satisfecho;2;Muy buena
55;B;15;16;18;16;15;15;17;16;19;15;3;0;F;3;deuda;Facil;Bueno;3 horas;Satisfecho;4;Buena
56;B;14;16;18;19;17;16;17;16;16;17;3;0;F;3;deuda;Muy facil;Excelente;De 4 horas a mas;Muy satisfecho;1;Muy buena
57;B;14;14;17;16;14;16;17;13;14;18;3;0;M;3;deuda;Facil;Bueno;3 horas;Satisfecho;4;Buena
58;B;15;6;9;9;11;11;11;11;5;5;1;0;F;3;deuda;Ni facil ni dificil;Indiferente;2 horas;Indiferente;3;Media
59;B;14;14;15;16;18;18;13;14;18;18;3;0;M;3;deuda;Muy facil;Excelente;De 4 horas a mas;Muy satisfecho;1;Muy buena
60;C;15;16;16;19;18;16;16;17;17;18;3;0;F;3;deuda;Muy facil;Bueno;3 horas;Satisfecho;5;Buena
61;C;15;16;16;20;16;15;15;16;16;16;3;0;F;4;deuda;Facil;Bueno;3 horas;Satisfecho;3;Buena
62;C;15;8;9;18;11;11;11;9;11;10;2;0;M;3;deuda;Ni facil ni dificil;Indiferente;2 horas;Indiferente;3;Media
63;C;15;8;10;18;11;11;11;9;11;11;2;0;M;3;deuda;Ni facil ni dificil;Indiferente;2 horas;Indiferente;4;Media
64;C;15;14;14;18;17;17;16;14;17;15;3;0;F;3;deuda;Muy facil;Bueno;3 horas;Satisfecho;1;Buena
65;C;14;14;14;18;15;16;13;16;15;15;3;0;F;3;deuda;Facil;Bueno;3 horas;Satisfecho;4;Buena
66;C;14;10;12;17;11;11;12;9;14;15;3;0;F;3;deuda;Ni facil ni dificil;Indiferente;2 horas;Indiferente;3;Media
67;C;14;13;14;18;14;16;15;13;16;17;3;0;M;3;deuda;Facil;Bueno;3 horas;Satisfecho;2;Buena
68;C;15;9;13;17;11;11;10;9;11;10;2;0;M;3;deuda;Ni facil ni dificil;Indiferente;2 horas;Indiferente;4;Media
69;C;14;12;13;19;15;15;16;14;13;13;2;0;M;3;deuda;Facil;Indiferente;2 horas;Indiferente;2;Media
70;C;14;9;11;18;11;11;13;10;13;13;2;0;M;3;deuda;Ni facil ni dificil;Indiferente;2 horas;Indiferente;4;Media
71;C;14;11;11;16;17;18;11;13;18;13;2;0;M;3;deuda;Muy facil;Bueno;3 horas;Satisfecho;3;Buena
72;C;14;14;15;20;15;14;15;14;15;17;3;0;M;3;deuda;Facil;Bueno;3 horas;Satisfecho;1;Buena
73;C;15;13;15;16;14;16;16;18;13;15;3;0;F;3;deuda;Facil;Bueno;3 horas;Satisfecho;4;Buena
74;C;15;16;17;19;17;16;17;16;18;18;3;0;M;3;deuda;Muy facil;Bueno;3 horas;Satisfecho;2;Buena
75;C;14;15;15;20;14;14;14;16;17;17;3;0;F;3;deuda;Facil;Bueno;3 horas;Satisfecho;5;Buena
76;C;14;14;14;19;16;14;14;15;16;15;3;0;F;3;deuda;Facil;Bueno;3 horas;Satisfecho;2;Buena
77;C;14;12;11;18;12;11;12;12;11;12;2;0;F;3;deuda;Ni facil ni dificil;Indiferente;2 horas;Indiferente;3;Mala
78;C;15;13;13;20;14;14;16;16;16;14;3;0;F;4;deuda;Facil;Bueno;3 horas;Satisfecho;1;Buena
79;C;15;16;17;20;17;17;17;17;17;19;3;0;M;3;deuda;Muy facil;Bueno;3 horas;Satisfecho;3;Buena
80;C;15;13;13;18;12;16;12;16;16;17;3;0;F;3;deuda;Facil;Bueno;3 horas;Satisfecho;3;Muy buena
81;C;14;11;12;18;11;13;10;11;13;13;2;0;F;3;deuda;Ni facil ni dificil;Indiferente;2 horas;Indiferente;2;Media
82;C;15;13;16;19;18;15;15;15;15;19;3;0;M;3;deuda;Muy facil;Bueno;3 horas;Satisfecho;4;Buena
83;C;14;9;9;19;12;11;10;11;12;11;2;0;M;3;deuda;Ni facil ni dificil;Indiferente;2 horas;Indiferente;3;Mala
84;C;14;16;16;20;18;17;17;17;19;19;3;0;M;3;deuda;Muy facil;Bueno;3 horas;Satisfecho;4;Buena
85;C;15;11;11;15;11;11;10;11;13;14;3;0;M;3;deuda;Ni facil ni dificil;Indiferente;1 hora;Indiferente;2;Media
86;C;15;14;14;16;14;15;14;15;15;14;3;0;M;4;deuda;Facil;Bueno;3 horas;Satisfecho;4;Buena
87;C;14;11;12;17;11;11;11;11;12;11;2;0;M;3;deuda;Ni facil ni dificil;Indiferente;2 horas;Indiferente;1;Media
88;C;15;12;13;18;14;16;12;13;16;16;3;0;M;4;deuda;Facil;Bueno;3 horas;Satisfecho;1;Buena
89;C;15;9;8;19;11;11;11;12;12;11;2;0;M;3;deuda;Ni facil ni dificil;Indiferente;2 horas;Indiferente;3;Media
90;C;14;14;15;17;17;12;12;16;15;17;3;0;M;3;deuda;Facil;Bueno;3 horas;Satisfecho;3;Buena
91;D;14;15;16;19;18;17;16;17;17;18;3;0;F;3;deuda;Muy facil;Excelente;De 4 horas a mas;Muy satisfecho;2;Muy buena
92;D;15;11;11;19;13;11;11;11;15;15;3;0;M;3;deuda;Facil;Indiferente;2 horas;Indiferente;3;Media
93;D;14;18;18;19;15;17;14;18;19;19;3;0;M;3;deuda;Muy facil;Excelente;De 4 horas a mas;Muy satisfecho;1;Muy buena
94;D;14;17;18;19;18;17;15;16;18;18;3;0;F;3;deuda;Muy facil;Bueno;3 horas;Satisfecho;4;Buena
95;D;14;15;16;19;17;15;15;15;17;16;3;0;F;3;deuda;Facil;Bueno;3 horas;Satisfecho;3;Buena
96;D;15;16;16;19;15;17;16;15;16;17;3;0;F;3;deuda;Facil;Bueno;3 horas;Satisfecho;1;Buena
97;D;15;15;16;19;16;15;16;14;15;15;3;0;F;4;deuda;Facil;Bueno;3 horas;Satisfecho;1;Buena
98;D;14;16;18;19;15;15;15;17;17;18;3;0;M;3;deuda;Facil;Bueno;3 horas;Satisfecho;3;Buena
99;D;14;10;12;19;11;12;11;12;11;11;2;0;M;3;deuda;Ni facil ni dificil;Bueno;3 horas;Satisfecho;4;Muy buena
100;D;14;15;14;19;16;16;12;16;18;18;3;0;M;3;deuda;Facil;Bueno;3 horas;Indiferente;3;Buena
101;D;15;10;12;19;11;11;10;11;13;14;3;0;M;3;deuda;Ni facil ni dificil;Indiferente;2 horas;Indiferente;1;Media
102;D;15;15;15;19;14;15;15;14;17;15;3;0;F;3;deuda;Facil;Bueno;3 horas;Satisfecho;1;Buena
103;D;15;10;12;19;14;12;12;12;14;13;2;0;F;3;deuda;Facil;Bueno;3 horas;Satisfecho;5;Buena
104;D;15;17;19;19;17;18;17;17;17;19;3;0;M;3;deuda;Muy facil;Excelente;De 4 horas a mas;Muy satisfecho;1;Muy buena
105;D;14;17;17;19;18;18;18;19;19;19;3;0;D;3;deuda;Muy facil;Excelente;De 4 horas a mas;Muy satisfecho;4;Muy buena
106;D;15;10;11;19;11;12;10;12;12;11;2;0;M;3;deuda;Ni facil ni dificil;Indiferente;2 horas;Indiferente;5;Media
107;D;14;14;15;19;13;13;12;16;17;16;3;0;F;3;deuda;Facil;Bueno;3 horas;Satisfecho;3;Buena
108;D;14;14;16;19;17;16;16;17;18;16;3;0;F;3;deuda;Muy facil;Bueno;3 horas;Satisfecho;2;Buena
109;D;14;17;17;19;16;17;16;17;18;18;3;0;F;3;deuda;Muy facil;Bueno;3 horas;Satisfecho;2;Buena
110;D;14;17;17;19;16;16;17;16;19;19;3;0;M;3;deuda;Muy facil;Bueno;3 horas;Satisfecho;3;Buena
111;D;14;18;18;19;17;18;17;18;18;19;3;0;M;3;deuda;Muy facil;Excelente;De 4 horas a mas;Muy satisfecho;2;Muy buena
112;D;14;16;17;19;15;15;14;16;15;17;3;0;F;3;deuda;Facil;Bueno;3 horas;Satisfecho;3;Buena
113;D;14;11;13;19;17;15;12;13;13;17;3;0;M;3;deuda;Facil;Bueno;3 horas;Satisfecho;3;Buena
114;D;15;14;15;19;18;13;13;14;17;18;3;0;F;4;deuda;Facil;Bueno;3 horas;Satisfecho;1;Buena
115;D;14;14;15;19;17;17;15;17;16;14;3;0;M;3;deuda;Muy facil;Bueno;3 horas;Satisfecho;3;Buena
116;D;14;16;17;19;15;18;15;17;18;18;3;0;F;3;deuda;Muy facil;Bueno;3 horas;Satisfecho;5;Buena
117;D;15;12;15;19;17;13;12;12;17;17;3;0;M;3;deuda;Facil;Bueno;3 horas;Satisfecho;4;Buena
118;D;15;8;14;19;15;13;12;14;16;15;3;0;F;3;deuda;Facil;Bueno;3 horas;Satisfecho;3;Buena
119;D;15;15;16;19;18;17;17;17;18;19;3;0;M;3;deuda;Muy facil;Excelente;De 4 horas a mas;Muy satisfecho;1;Muy buena
120;D;15;14;14;19;17;15;13;14;17;16;3;0;F;3;deuda;Facil;Bueno;3 horas;Satisfecho;1;Buena
121;D;15;16;16;19;18;14;13;16;18;18;3;0;F;3;deuda;Muy facil;Bueno;3 horas;Satisfecho;4;Buena
122;D;15;19;19;19;15;16;13;18;20;19;3;0;M;3;deuda;Muy facil;Excelente;De 4 horas a mas;Muy satisfecho;2;Muy buena
123;E;14;12;13;16;16;14;16;10;16;15;3;0;M;3;deuda;Facil;Bueno;3 horas;Satisfecho;4;Buena
124;E;15;15;15;20;15;16;15;14;17;14;3;0;F;3;deuda;Facil;Bueno;3 horas;Satisfecho;1;Buena
125;E;15;12;14;17;15;16;16;13;14;15;3;0;M;3;deuda;Facil;Bueno;3 horas;Satisfecho;1;Buena
126;E;14;15;17;18;16;16;16;16;16;16;3;0;F;3;deuda;Facil;Bueno;3 horas;Satisfecho;5;Buena
127;E;14;16;18;20;19;17;16;16;18;20;3;0;M;3;deuda;Muy facil;Excelente;De 4 horas a mas;Muy satisfecho;4;Muy buena
128;E;15;14;15;17;15;12;11;14;16;16;3;0;M;3;deuda;Facil;Bueno;3 horas;Satisfecho;3;Buena
129;E;14;11;13;15;11;11;10;12;12;11;2;0;M;3;deuda;Ni facil ni dificil;Indiferente;2 horas;Insatisfecho;3;Media
130;E;15;13;13;15;11;12;11;12;13;13;2;0;M;3;deuda;Ni facil ni dificil;Indiferente;2 horas;Indiferente;2;Media
131;E;15;15;15;17;18;18;17;14;18;14;3;0;M;3;deuda;Muy facil;Bueno;3 horas;Satisfecho;3;Buena
132;E;15;15;15;16;16;16;17;15;15;13;2;0;M;3;deuda;Facil;Bueno;3 horas;Satisfecho;1;Buena
133;E;14;14;14;15;15;15;17;14;16;16;3;0;M;3;deuda;Facil;Bueno;3 horas;Satisfecho;1;Buena
134;E;14;14;17;18;15;14;16;13;14;14;3;0;M;3;deuda;Facil;Bueno;3 horas;Satisfecho;1;Buena
135;E;14;12;15;16;15;14;15;14;14;16;3;0;M;3;deuda;Facil;Bueno;3 horas;Satisfecho;3;Buena
136;E;14;14;15;17;16;16;17;14;14;17;3;0;M;3;deuda;Facil;Bueno;3 horas;Satisfecho;3;Buena
137;E;15;13;13;13;15;16;15;16;17;12;2;0;F;3;deuda;Facil;Bueno;3 horas;Indiferente;3;Buena
138;E;14;15;17;19;16;18;18;15;14;16;3;0;M;3;deuda;Muy facil;Bueno;3 horas;Satisfecho;1;Buena
139;E;15;13;16;17;15;13;16;13;14;15;3;0;M;3;deuda;Facil;Bueno;3 horas;Satisfecho;1;Buena
140;E;14;11;13;17;11;11;12;12;12;10;2;0;F;3;deuda;Ni facil ni dificil;Indiferente;2 horas;Indiferente;4;Media
141;E;14;12;14;15;11;14;11;12;15;12;2;0;F;3;deuda;Facil;Bueno;3 horas;Satisfecho;1;Buena
142;E;14;11;11;14;11;11;12;9;14;14;3;0;M;3;deuda;Ni facil ni dificil;Indiferente;2 horas;Indiferente;4;Media
143;E;15;12;13;15;14;14;13;10;14;16;3;0;M;3;deuda;Facil;Bueno;3 horas;Satisfecho;1;Buena
144;E;15;12;13;17;14;11;13;14;10;12;2;0;F;3;deuda;Facil;Bueno;3 horas;Satisfecho;3;Buena
145;E;14;13;14;17;16;17;15;17;17;14;3;0;F;3;deuda;Muy facil;Bueno;3 horas;Satisfecho;3;Buena
146;E;14;12;14;14;14;16;16;17;14;16;3;0;M;3;deuda;Facil;Bueno;3 horas;Satisfecho;3;Buena
147;E;14;15;15;17;13;12;17;12;16;16;3;0;F;3;deuda;Facil;Bueno;3 horas;Satisfecho;1;Buena
148;E;15;12;15;16;18;14;18;14;13;14;3;0;M;3;deuda;Facil;Bueno;3 horas;Satisfecho;3;Buena
149;E;14;11;10;14;11;13;11;11;12;13;2;0;F;3;deuda;Ni facil ni dificil;Indiferente;2 horas;Indiferente;2;Media
150;E;15;12;14;15;13;14;12;14;12;13;2;0;M;3;deuda;Facil;Bueno;1 hora;Satisfecho;1;Buena
151;E;14;12;11;12;12;15;16;12;14;14;3;0;M;3;deuda;Facil;Bueno;3 horas;Satisfecho;1;Buena
152;E;15;16;17;20;19;16;17;16;17;19;3;0;F;3;deuda;Muy facil;Bueno;3 horas;Satisfecho;2;Buena
153;E;14;13;12;13;17;14;17;14;14;14;3;0;M;3;deuda;Facil;Bueno;3 horas;Satisfecho;2;Buena
154;F;14;9;14;11;11;11;10;8;9;10;2;0;M;3;deuda;Ni facil ni dificil;Indiferente;1 hora;Indiferente;2;Media
155;F;14;10;11;12;11;12;10;14;8;14;3;0;M;3;deuda;Ni facil ni dificil;Indiferente;2 horas;Indiferente;4;Media
156;F;15;10;14;14;11;11;10;11;12;11;2;0;M;3;deuda;Ni facil ni dificil;Indiferente;2 horas;Indiferente;1;Media
157;F;15;15;17;17;15;16;15;14;17;15;3;0;F;3;deuda;Facil;Bueno;3 horas;Satisfecho;4;Buena
158;F;14;13;17;16;16;15;14;13;16;14;3;0;M;3;deuda;Facil;Bueno;3 horas;Satisfecho;4;Buena
159;F;15;14;16;16;17;15;16;15;17;17;3;0;M;3;deuda;Muy facil;Bueno;3 horas;Satisfecho;1;Buena
160;F;15;17;18;19;16;18;16;16;19;19;3;0;F;3;deuda;Muy facil;Excelente;De 4 horas a mas;Muy satisfecho;2;Muy buena
161;F;15;13;16;14;14;12;10;12;16;17;3;0;M;3;deuda;Facil;Indiferente;2 horas;Indiferente;1;Media
162;F;15;12;16;16;14;12;11;12;13;14;3;0;M;3;deuda;Facil;Bueno;3 horas;Satisfecho;2;Buena
163;F;15;14;12;14;15;13;11;16;15;11;2;0;M;3;deuda;Facil;Bueno;3 horas;Satisfecho;4;Buena
164;F;14;18;18;19;18;18;18;17;18;18;3;0;M;3;deuda;Muy facil;Excelente;De 4 horas a mas;Muy satisfecho;3;Muy buena
165;F;15;9;13;13;15;13;11;11;17;12;2;0;F;3;deuda;Facil;Indiferente;2 horas;Indiferente;3;Media
166;F;15;17;19;18;20;20;18;18;20;19;3;0;F;3;deuda;Muy facil;Excelente;De 4 horas a mas;Muy satisfecho;1;Muy buena
167;F;14;11;15;15;12;14;16;16;13;10;2;0;M;3;deuda;Facil;Bueno;3 horas;Satisfecho;3;Buena
168;F;15;16;18;18;14;14;15;14;15;14;3;0;F;3;deuda;Facil;Bueno;3 horas;Satisfecho;3;Buena
169;F;14;11;17;15;15;16;15;14;17;14;3;0;F;3;deuda;Facil;Bueno;3 horas;Satisfecho;4;Buena
170;F;14;15;17;17;17;15;15;16;17;17;3;0;M;3;deuda;Muy facil;Bueno;3 horas;Satisfecho;2;Buena
171;F;14;15;17;18;14;16;16;15;16;14;3;0;F;3;deuda;Facil;Bueno;3 horas;Satisfecho;3;Buena
172;F;14;16;17;17;17;16;16;16;17;17;3;0;F;3;deuda;Muy facil;Bueno;3 horas;Satisfecho;3;Buena
173;F;14;18;19;19;17;18;17;18;19;19;3;0;F;3;deuda;Muy facil;Excelente;De 4 horas a mas;Muy satisfecho;4;Muy buena
174;F;15;12;16;15;13;16;15;17;16;10;2;0;M;3;deuda;Facil;Bueno;3 horas;Satisfecho;2;Buena
175;F;15;8;12;11;13;16;10;10;16;13;2;0;M;3;deuda;Facil;Indiferente;2 horas;Indiferente;3;Media
176;F;14;15;17;17;15;16;15;14;16;15;3;0;M;3;deuda;Facil;Bueno;3 horas;Satisfecho;2;Buena
177;F;15;12;11;15;15;15;15;15;15;15;3;0;M;3;deuda;Facil;Bueno;3 horas;Satisfecho;4;Buena
178;F;15;17;18;18;16;18;17;16;18;18;3;0;F;3;deuda;Muy facil;Bueno;3 horas;Satisfecho;4;Buena
179;F;15;13;16;16;13;14;15;14;13;14;3;0;M;3;deuda;Facil;Bueno;3 horas;Satisfecho;1;Buena
180;F;15;16;18;17;16;18;17;16;18;17;3;0;M;3;deuda;Muy facil;Bueno;3 horas;Satisfecho;4;Buena
181;F;14;14;18;17;17;17;16;15;18;19;3;0;F;3;deuda;Muy facil;Bueno;3 horas;Satisfecho;4;Buena
182;F;15;13;18;15;15;15;15;15;18;18;3;0;F;3;deuda;Facil;Bueno;3 horas;Satisfecho;3;Buena
183;G;14;10;15;16;13;13;13;13;15;15;3;0;F;3;deuda;Facil;Bueno;3 horas;Satisfecho;2;Buena
184;G;14;14;16;17;13;15;12;15;16;15;3;0;F;3;deuda;Facil;Bueno;3 horas;Satisfecho;4;Buena
185;G;15;12;15;16;17;15;17;14;14;12;2;0;M;3;deuda;Facil;Bueno;3 horas;Satisfecho;2;Buena
186;G;14;18;19;19;16;16;16;18;18;19;3;0;F;3;deuda;Muy facil;Excelente;De 4 horas a mas;Muy satisfecho;4;Muy buena
187;G;14;17;17;19;15;16;15;18;17;18;3;0;F;3;deuda;Facil;Bueno;3 horas;Satisfecho;3;Buena
188;G;15;10;13;14;15;13;13;12;14;15;3;0;M;3;deuda;Facil;Bueno;3 horas;Satisfecho;1;Buena
189;G;15;11;15;17;15;15;14;11;15;14;3;0;F;3;deuda;Facil;Bueno;3 horas;Satisfecho;2;Buena
190;G;14;15;17;17;15;15;15;15;15;15;3;0;F;3;deuda;Facil;Bueno;3 horas;Satisfecho;2;Buena
191;G;15;14;16;17;14;14;15;14;15;17;3;0;F;3;deuda;Facil;Bueno;3 horas;Satisfecho;1;Buena
192;G;14;15;17;18;14;15;15;15;14;15;3;0;F;3;deuda;Facil;Bueno;3 horas;Satisfecho;1;Buena
193;G;15;16;18;19;15;18;16;15;17;18;3;0;F;3;deuda;Muy facil;Bueno;3 horas;Satisfecho;1;Buena
194;G;14;9;11;10;14;13;13;13;15;15;3;0;M;3;deuda;Facil;Indiferente;2 horas;Indiferente;4;Media
195;G;15;10;13;16;14;16;14;14;17;15;3;0;F;3;deuda;Facil;Bueno;3 horas;Satisfecho;1;Buena
196;G;14;13;16;18;13;13;12;13;15;15;3;0;F;3;deuda;Facil;Bueno;3 horas;Satisfecho;4;Buena
197;G;14;13;17;18;14;17;13;17;16;18;3;0;M;3;deuda;Facil;Bueno;3 horas;Satisfecho;4;Buena
198;G;15;9;12;14;12;14;11;13;14;15;3;0;F;3;deuda;Facil;Indiferente;2 horas;Indiferente;4;Media
199;G;15;15;16;18;15;17;17;14;16;17;3;0;F;3;deuda;Facil;Bueno;3 horas;Satisfecho;1;Buena
200;G;14;17;18;18;16;18;15;17;17;18;3;0;F;3;deuda;Muy facil;Excelente;De 4 horas a mas;Muy satisfecho;3;Muy buena
201;G;15;12;14;16;13;13;14;12;14;15;3;0;F;3;deuda;Facil;Bueno;3 horas;Satisfecho;1;Buena
202;G;14;16;18;18;16;16;15;15;16;15;3;0;F;3;deuda;Facil;Bueno;3 horas;Satisfecho;3;Buena
203;G;14;12;13;16;12;11;13;11;13;13;2;0;F;3;deuda;Ni facil ni dificil;Indiferente;2 horas;Indiferente;1;Media
204;G;14;12;15;16;13;14;14;14;14;13;2;0;M;3;deuda;Facil;Bueno;3 horas;Satisfecho;1;Buena
205;G;15;12;16;18;17;17;16;15;15;17;3;0;M;3;deuda;Muy facil;Bueno;3 horas;Satisfecho;3;Buena
206;G;14;11;14;15;14;17;12;13;15;17;3;0;M;3;deuda;Facil;Bueno;3 horas;Satisfecho;4;Buena
207;G;15;13;15;18;15;15;13;15;13;15;3;0;F;3;deuda;Facil;Bueno;3 horas;Satisfecho;2;Buena
208;G;14;11;14;14;15;15;14;13;16;13;2;0;M;3;deuda;Facil;Bueno;3 horas;Satisfecho;3;Buena
209;G;14;18;19;19;18;19;17;19;19;19;3;0;F;3;deuda;Muy facil;Excelente;De 4 horas a mas;Muy satisfecho;2;Muy buena
210;G;15;15;16;16;14;17;14;17;17;18;3;0;M;3;deuda;Facil;Bueno;3 horas;Satisfecho;4;Buena
211;G;15;12;14;15;11;16;12;11;15;16;3;0;M;3;deuda;Facil;Indiferente;2 horas;Indiferente;1;Media
212;H;15;13;15;16;18;18;17;16;18;17;3;0;F;3;deuda;Muy facil;Bueno;3 horas;Satisfecho;4;Buena
213;H;15;15;18;18;18;16;16;16;18;19;3;0;M;3;deuda;Muy facil;Bueno;3 horas;Satisfecho;1;Buena
214;H;15;16;17;19;18;17;16;15;18;19;3;0;M;3;deuda;Muy facil;Bueno;3 horas;Satisfecho;3;Buena
215;H;14;15;16;18;18;17;14;16;17;18;3;0;M;3;deuda;Muy facil;Bueno;3 horas;Satisfecho;4;Buena
216;H;15;17;18;20;17;17;17;17;18;17;3;0;M;3;deuda;Muy facil;Bueno;3 horas;Satisfecho;4;Buena
217;H;15;13;16;19;16;17;15;16;18;19;3;0;F;3;deuda;Muy facil;Bueno;3 horas;Satisfecho;2;Buena
218;H;15;17;18;20;16;15;12;15;19;18;3;0;F;3;deuda;Facil;Bueno;3 horas;Satisfecho;3;Buena
219;H;14;16;18;19;17;17;18;16;18;19;3;0;F;3;deuda;Muy facil;Bueno;3 horas;Satisfecho;3;Buena
220;H;15;16;17;19;15;18;14;14;18;18;3;0;F;3;deuda;Muy facil;Bueno;3 horas;Satisfecho;2;Buena
221;H;14;15;17;19;17;14;15;13;18;18;3;0;F;3;deuda;Facil;Bueno;3 horas;Satisfecho;4;Buena
222;H;14;16;18;19;14;19;14;16;19;18;3;0;F;3;deuda;Muy facil;Bueno;3 horas;Satisfecho;3;Buena
223;H;15;17;18;20;18;18;17;17;19;18;3;0;M;3;deuda;Muy facil;Bueno;3 horas;Satisfecho;4;Buena
224;H;14;18;19;20;19;18;17;18;19;20;3;0;F;3;deuda;Muy facil;Excelente;De 4 horas a mas;Muy satisfecho;3;Muy buena
225;H;14;13;13;20;15;18;17;14;17;18;3;0;M;3;deuda;Muy facil;Bueno;3 horas;Satisfecho;3;Buena
226;H;15;17;18;20;17;17;17;17;18;19;3;0;M;3;deuda;Muy facil;Excelente;De 4 horas a mas;Muy satisfecho;4;Buena
227;H;14;16;19;18;18;16;16;15;19;19;3;0;M;3;deuda;Muy facil;Bueno;3 horas;Satisfecho;2;Buena
228;H;15;16;17;19;16;17;17;16;20;20;3;0;F;3;deuda;Muy facil;Bueno;3 horas;Satisfecho;3;Buena
229;H;14;16;17;20;16;20;15;17;20;19;3;0;M;3;deuda;Muy facil;Bueno;3 horas;Satisfecho;3;Buena
230;H;14;9;9;15;11;11;10;8;10;5;1;0;M;3;deuda;Ni facil ni dificil;Indiferente;2 horas;Indiferente;4;Media
231;H;14;16;18;19;16;16;15;15;17;17;3;0;M;3;deuda;Facil;Bueno;3 horas;Satisfecho;3;Buena
232;H;15;16;18;17;18;20;16;16;17;20;3;0;M;3;deuda;Muy facil;Excelente;De 4 horas a mas;Muy satisfecho;1;Muy buena
233;H;14;14;14;18;19;12;11;15;19;19;3;0;F;3;deuda;Facil;Bueno;3 horas;Satisfecho;2;Buena
234;H;14;16;17;18;18;15;16;15;18;18;3;0;M;4;deuda;Muy facil;Bueno;3 horas;Satisfecho;1;Buena
235;H;15;14;16;19;17;15;15;16;17;17;3;0;M;3;deuda;Muy facil;Bueno;3 horas;Satisfecho;3;Buena
236;H;14;14;16;19;17;19;12;14;17;19;3;0;M;3;deuda;Muy facil;Bueno;3 horas;Satisfecho;4;Buena
237;H;15;17;19;20;19;19;18;18;20;20;3;0;F;3;deuda;Muy facil;Bueno;3 horas;Satisfecho;4;Buena
238;H;15;14;14;19;14;15;14;16;17;17;3;0;M;3;deuda;Facil;Bueno;3 horas;Satisfecho;4;Buena
239;H;15;15;18;20;17;16;16;17;18;17;3;0;M;3;deuda;Muy facil;Bueno;3 horas;Satisfecho;4;Buena
240;SC1;14;19;20;20;20;20;20;20;20;20;3;1;M;3;beca;Muy facil;Excelente;De 4 horas a mas;Muy satisfecho;3;Muy buena
241;SC1;14;19;20;20;20;20;20;20;20;20;3;1;F;4;beca;Muy facil;Excelente;De 4 horas a mas;Muy satisfecho;3;Muy buena
242;SC1;15;19;20;20;20;20;20;20;20;20;3;1;F;3;beca;Muy facil;Excelente;De 4 horas a mas;Muy satisfecho;2;Muy buena
243;SC1;15;18;20;19;19;19;20;19;20;20;3;1;M;4;beca;Muy facil;Excelente;De 4 horas a mas;Muy satisfecho;2;Muy buena
244;SC1;15;14;15;19;20;20;19;19;17;20;3;1;M;4;beca;Muy facil;Excelente;De 4 horas a mas;Muy satisfecho;2;Muy buena
245;SC1;15;17;20;19;19;19;20;19;20;20;3;1;M;3;beca;Muy facil;Excelente;De 4 horas a mas;Muy satisfecho;2;Muy buena
246;SC2;15;12;17;20;19;19;17;20;19;20;3;1;M;3;beca;Muy facil;Bueno;3 horas;Satisfecho;4;Buena
247;SC2;14;16;20;20;20;19;19;19;20;20;3;1;M;3;beca;Muy facil;Excelente;De 4 horas a mas;Muy satisfecho;4;Muy buena
248;SC2;14;16;19;20;19;20;18;19;20;20;3;1;M;4;beca;Muy facil;Excelente;De 4 horas a mas;Muy satisfecho;2;Muy buena
249;SC2;15;17;19;20;20;18;19;18;20;20;3;1;F;3;beca;Muy facil;Excelente;De 4 horas a mas;Muy satisfecho;4;Muy buena
250;SC2;15;16;19;20;19;18;20;18;19;20;3;1;M;3;beca;Muy facil;Excelente;3 horas;Muy satisfecho;4;Muy buena
251;SC2;15;17;20;20;20;19;19;19;20;20;3;1;F;3;beca;Muy facil;Excelente;De 4 horas a mas;Muy satisfecho;1;Muy buena
252;SC2;15;17;20;20;19;19;19;19;20;20;3;1;M;3;beca;Muy facil;Excelente;De 4 horas a mas;Muy satisfecho;4;Muy buena
253;SC2;14;14;19;20;19;17;18;17;20;20;3;1;M;4;beca;Muy facil;Bueno;3 horas;Satisfecho;2;Buena
254;SC2;14;16;19;20;18;20;19;18;20;20;3;1;M;3;beca;Muy facil;Excelente;De 4 horas a mas;Muy satisfecho;1;Muy buena
255;SC2;15;17;20;20;19;19;18;20;20;20;3;1;F;4;beca;Muy facil;Bueno;3 horas;Satisfecho;2;Buena
256;SC2;14;17;20;20;20;20;19;19;20;20;3;1;M;4;beca;Muy facil;Excelente;3 horas;Muy satisfecho;4;Muy buena
257;SC2;14;16;20;20;20;20;18;18;20;20;3;1;M;4;beca;Muy facil;Excelente;De 4 horas a mas;Muy satisfecho;4;Muy buena
258;SC2;14;17;19;20;19;19;19;19;20;20;3;1;M;3;beca;Muy facil;Excelente;De 4 horas a mas;Muy satisfecho;2;Muy buena
259;SC2;14;18;20;20;18;18;18;18;20;20;3;1;F;3;beca;Muy facil;Excelente;2 horas;Muy satisfecho;1;Muy buena
260;SC2;14;18;20;20;19;20;20;19;20;20;3;1;F;3;beca;Muy facil;Excelente;De 4 horas a mas;Muy satisfecho;4;Muy buena
261;SC2;14;17;20;20;20;20;20;19;20;20;3;1;F;4;beca;Muy facil;Excelente;De 4 horas a mas;Muy satisfecho;2;Muy buena
262;SC2;14;16;20;20;20;20;20;19;20;20;3;1;M;4;beca;Muy facil;Excelente;De 4 horas a mas;Muy satisfecho;3;Muy buena
263;SC2;14;17;20;20;20;20;20;20;20;20;3;1;M;3;beca;Muy facil;Excelente;3 horas;Muy satisfecho;1;Muy buena
264;SC2;15;16;18;20;19;19;19;19;19;20;3;1;M;4;beca;Muy facil;Excelente;De 4 horas a mas;Muy satisfecho;1;Muy buena
265;A;15;14;14;16;14;14;12;14;13;13;2;0;M;4;deuda;Facil;Bueno;3 horas;Satisfecho;4;Buena
266;A;16;11;13;18;11;12;12;12;11;12;2;0;M;4;deuda;Ni Facil ni Dificil;Bueno;3 horas;Satisfecho;3;Buena
267;A;15;15;16;17;14;13;12;14;13;12;2;0;M;4;deuda;Facil;Bueno;2 horas;Satisfecho;1;Buena
268;A;16;10;8;16;11;11;11;12;10;6;2;0;F;4;deuda;Ni Facil ni Dificil;Indiferente;2 horas;Indiferente;1;Media
269;A;15;17;14;17;13;12;12;12;12;13;2;0;M;4;deuda;Facil;Bueno;3 horas;Satisfecho;1;Buena
270;A;15;17;17;20;16;16;16;16;17;17;3;0;F;4;deuda;Muy Facil;Excelente;De 4 horas a más;Muy satisfecho;1;Muy buena
271;A;16;13;14;19;13;12;12;12;12;13;2;0;F;4;deuda;Facil;Bueno;3 horas;Satisfecho;4;Buena
272;A;15;18;19;20;17;17;16;16;17;17;3;0;M;4;deuda;Muy Facil;Excelente;De 4 horas a más;Muy satisfecho;2;Muy buena
273;A;15;12;14;18;12;12;12;12;12;12;2;0;F;4;deuda;Ni Facil ni Dificil;Bueno;3 horas;Satisfecho;1;Buena
274;A;16;11;10;16;11;11;11;11;11;11;2;0;M;4;deuda;Ni Facil ni Dificil;Indiferente;2 horas;Indiferente;4;Media
275;A;16;12;13;17;12;12;12;12;11;12;2;0;M;4;deuda;Ni Facil ni Dificil;Bueno;3 horas;Satisfecho;2;Buena
276;A;16;12;13;18;11;11;8;7;13;15;2;0;F;4;deuda;Ni Facil ni Dificil;Bueno;3 horas;Satisfecho;4;Buena
277;A;16;10;9;14;11;11;11;11;8;5;2;0;M;5;deuda;Ni Facil ni Dificil;Indiferente;2 horas;Indiferente;4;Media
278;A;15;13;12;17;12;12;12;11;12;12;2;0;M;4;deuda;Ni Facil ni Dificil;Indiferente;2 horas;Indiferente;3;Media
279;A;15;10;9;15;12;11;11;12;11;12;2;0;M;4;deuda;Ni Facil ni Dificil;Indiferente;2 horas;Indiferente;3;Media
280;A;15;10;11;13;11;11;12;12;11;5;2;0;M;4;deuda;Ni Facil ni Dificil;Indiferente;2 horas;Indiferente;4;Media
281;A;15;12;12;16;11;11;11;11;8;13;2;0;F;4;deuda;Ni Facil ni Dificil;Indiferente;2 horas;Indiferente;3;Media
282;A;16;11;11;14;11;11;12;11;12;5;2;0;M;4;deuda;Ni Facil ni Dificil;Indiferente;2 horas;Indiferente;2;Media
283;A;15;16;16;18;15;12;12;13;15;15;2;0;F;4;deuda;Facil;Bueno;3 horas;Satisfecho;4;Buena
284;A;15;11;14;17;12;12;11;12;11;12;2;0;M;4;deuda;Ni Facil ni Dificil;Bueno;3 horas;Satisfecho;2;Buena
285;A;15;14;15;18;14;14;14;14;14;15;3;0;F;4;deuda;Facil;Bueno;3 horas;Satisfecho;1;Buena
286;A;16;12;12;16;11;11;12;12;8;6;2;0;F;4;deuda;Ni Facil ni Dificil;Bueno;3 horas;Satisfecho;1;Buena
287;A;16;16;17;19;16;14;16;15;14;14;3;0;F;4;deuda;Facil;Bueno;3 horas;Satisfecho;3;Buena
288;A;15;13;11;15;11;12;11;11;11;12;2;0;M;4;deuda;Ni Facil ni Dificil;Indiferente;2 horas;Indiferente;4;Media
289;A;16;13;13;18;13;12;12;12;12;13;2;0;M;4;deuda;Facil;Bueno;3 horas;Satisfecho;1;Buena
290;A;16;11;12;14;11;11;11;12;11;12;2;0;F;4;deuda;Ni Facil ni Dificil;Indiferente;2 horas;Indiferente;3;Media
291;A;16;14;14;20;14;13;14;13;13;14;2;0;M;4;deuda;Facil;Bueno;3 horas;Satisfecho;1;Buena
292;A;16;12;11;16;12;12;12;12;12;13;2;0;M;4;deuda;Facil;Indiferente;2 horas;Indiferente;3;Media
293;A;15;13;12;16;11;11;11;12;8;8;2;0;M;5;deuda;Ni Facil ni Dificil;Bueno;3 horas;Satisfecho;1;Buena
294;A;16;16;16;18;16;16;14;16;15;13;3;0;M;4;deuda;Facil;Bueno;3 horas;Satisfecho;3;Buena
295;A;16;9;7;13;11;11;11;9;5;5;1;0;M;4;deuda;Ni Facil ni Dificil;Indiferente;2 horas;Indiferente;2;Media
296;A;16;9;10;16;11;11;11;12;10;6;2;0;F;4;deuda;Ni Facil ni Dificil;Indiferente;2 horas;Indiferente;3;Media
297;A;15;11;12;17;11;11;9;12;11;8;2;0;F;4;deuda;Ni Facil ni Dificil;Indiferente;2 horas;Indiferente;3;Media
298;B;15;12;11;13;11;11;12;11;11;6;2;0;F;4;deuda;Ni Facil ni Dificil;Bueno;3 horas;Satisfecho;2;Buena
299;B;15;14;16;19;13;12;12;12;12;13;2;0;M;4;deuda;Facil;Bueno;3 horas;Satisfecho;1;Buena
300;B;15;12;13;17;12;13;14;14;13;11;2;0;M;4;deuda;Facil;Bueno;3 horas;Satisfecho;1;Buena
301;B;16;14;13;17;13;12;13;13;12;13;2;0;M;4;deuda;Facil;Bueno;3 horas;Satisfecho;3;Buena
302;B;15;16;17;20;15;16;16;15;15;15;3;0;F;4;deuda;Facil;Bueno;3 horas;Satisfecho;5;Buena
303;B;15;12;13;17;11;11;9;11;7;7;2;0;M;4;deuda;Ni Facil ni Dificil;Indiferente;2 horas;Indiferente;3;Media
304;B;15;16;16;18;15;16;16;15;15;16;3;0;M;4;deuda;Facil;Bueno;3 horas;Satisfecho;4;Buena
305;B;16;18;18;20;17;16;17;16;18;17;3;0;F;4;deuda;Muy Facil;Excelente;De 4 horas a más;Muy satisfecho;4;Muy buena
306;B;15;13;15;19;12;12;13;12;12;13;2;0;F;4;deuda;Facil;Bueno;3 horas;Satisfecho;1;Buena
307;B;15;9;10;17;11;11;12;11;7;6;2;0;M;4;deuda;Ni Facil ni Dificil;Indiferente;2 horas;Indiferente;2;Media
308;B;16;15;17;19;12;13;14;14;11;14;2;0;M;4;deuda;Facil;Bueno;3 horas;Satisfecho;1;Buena
309;B;15;10;14;18;12;11;12;13;11;10;2;0;M;4;deuda;Ni Facil ni Dificil;Indiferente;2 horas;Indiferente;4;Media
310;B;15;13;14;14;11;11;12;12;12;10;2;0;M;4;deuda;Ni Facil ni Dificil;Bueno;3 horas;Satisfecho;3;Buena
311;B;16;14;13;17;11;12;12;12;12;11;2;0;M;4;deuda;Ni Facil ni Dificil;Bueno;3 horas;Satisfecho;4;Buena
312;B;16;14;16;19;13;13;16;14;14;13;2;0;M;4;deuda;Facil;Excelente;De 4 horas a más;Muy satisfecho;3;Muy buena
313;B;16;12;14;17;13;12;12;13;12;12;2;0;F;4;deuda;Facil;Bueno;3 horas;Satisfecho;3;Buena
314;B;16;14;15;19;14;14;13;14;14;13;2;0;M;5;deuda;Facil;Bueno;3 horas;Satisfecho;4;Buena
315;B;16;12;14;15;13;12;14;13;15;12;2;0;M;4;deuda;Facil;Bueno;3 horas;Satisfecho;1;Buena
316;B;16;9;9;12;11;11;9;7;7;5;1;0;F;4;deuda;Ni Facil ni Dificil;Indiferente;2 horas;Indiferente;4;Media
317;B;15;12;13;17;13;13;12;12;11;13;2;0;F;4;deuda;Facil;Bueno;3 horas;Satisfecho;2;Buena
318;B;15;17;18;20;15;17;14;15;16;17;3;0;M;4;deuda;Facil;Excelente;De 4 horas a más;Muy satisfecho;3;Muy buena
319;B;15;13;14;20;12;12;12;12;12;10;2;0;F;4;deuda;Ni Facil ni Dificil;Bueno;3 horas;Satisfecho;4;Buena
320;B;15;12;12;17;12;11;13;12;11;13;2;0;F;4;deuda;Ni Facil ni Dificil;Indiferente;2 horas;Indiferente;3;Media
321;B;16;15;17;19;13;13;13;13;13;13;2;0;F;4;deuda;Facil;Bueno;3 horas;Satisfecho;4;Buena
322;B;16;13;15;19;11;11;12;13;8;14;2;0;M;4;deuda;Ni Facil ni Dificil;Bueno;3 horas;Satisfecho;1;Buena
323;B;15;15;16;18;15;16;16;14;13;13;3;0;M;4;deuda;Facil;Bueno;3 horas;Satisfecho;3;Buena
324;B;15;13;15;19;12;13;12;12;12;13;2;0;F;4;deuda;Facil;Bueno;3 horas;Satisfecho;2;Buena
325;B;15;15;16;19;14;12;12;13;13;14;2;0;M;4;deuda;Facil;Bueno;3 horas;Satisfecho;4;Buena
326;B;16;15;17;19;13;13;13;13;13;13;2;0;F;4;deuda;Facil;Bueno;3 horas;Satisfecho;1;Buena
327;B;16;14;16;20;12;12;13;13;12;13;2;0;M;4;deuda;Facil;Bueno;3 horas;Satisfecho;1;Buena
328;B;16;14;17;20;12;12;13;12;12;12;2;0;M;4;deuda;Facil;Bueno;3 horas;Satisfecho;3;Buena
329;B;16;17;17;19;15;17;15;16;15;17;3;0;F;4;deuda;Facil;Bueno;3 horas;Satisfecho;4;Buena
330;B;16;10;11;17;11;11;11;11;9;9;2;0;M;4;deuda;Ni Facil ni Dificil;Indiferente;1 hora;Indiferente;4;Media
331;C;16;17;17;18;14;14;15;15;14;16;3;0;F;4;deuda;Facil;Bueno;3 horas;Satisfecho;4;Buena
332;C;15;12;11;17;11;11;12;12;12;7;2;0;M;4;deuda;Ni Facil ni Dificil;Bueno;3 horas;Satisfecho;5;Buena
333;C;15;11;11;14;11;11;12;12;8;6;2;0;M;4;deuda;Ni Facil ni Dificil;Bueno;3 horas;Satisfecho;3;Buena
334;C;16;14;15;18;18;15;14;14;12;18;3;0;M;4;deuda;Facil;Bueno;2 horas;Satisfecho;4;Buena
335;C;15;12;13;16;11;11;10;12;12;12;2;0;M;4;deuda;Ni Facil ni Dificil;Bueno;3 horas;Satisfecho;1;Buena
336;C;16;13;13;16;11;12;12;11;12;13;2;0;M;4;deuda;Ni Facil ni Dificil;Bueno;3 horas;Satisfecho;5;Buena
337;C;15;10;12;16;12;12;12;12;12;12;2;0;F;4;deuda;Ni Facil ni Dificil;Bueno;2 horas;Satisfecho;2;Buena
338;C;15;17;17;18;14;14;15;15;14;15;3;0;F;4;deuda;Facil;Bueno;3 horas;Satisfecho;1;Buena
339;C;15;12;12;15;12;11;11;12;8;12;2;0;M;4;deuda;Ni Facil ni Dificil;Indiferente;2 horas;Indiferente;1;Media
340;C;16;14;15;17;13;11;13;13;12;12;2;0;F;4;deuda;Facil;Bueno;3 horas;Satisfecho;1;Buena
341;C;16;12;12;16;11;11;12;12;12;8;2;0;F;4;deuda;Ni Facil ni Dificil;Bueno;3 horas;Satisfecho;3;Buena
342;C;15;12;12;15;13;12;12;12;11;14;2;0;M;4;deuda;Facil;Bueno;3 horas;Satisfecho;4;Buena
343;C;16;14;13;16;13;12;12;12;12;13;2;0;M;4;deuda;Facil;Bueno;3 horas;Satisfecho;3;Buena
344;C;16;14;16;17;13;14;14;14;13;12;2;0;M;4;deuda;Facil;Bueno;3 horas;Satisfecho;3;Buena
345;C;16;13;13;16;13;13;12;13;13;13;2;0;M;5;deuda;Facil;Bueno;3 horas;Satisfecho;1;Buena
346;C;15;6;6;12;11;11;8;8;5;5;1;0;M;5;deuda;Ni Facil ni Dificil;Indiferente;2 horas;Indiferente;3;Media
347;C;15;12;14;17;13;13;12;12;12;13;2;0;F;4;deuda;Facil;Bueno;3 horas;Satisfecho;4;Buena
348;C;16;7;6;12;11;11;11;5;5;5;1;0;M;4;deuda;Ni Facil ni Dificil;Indiferente;2 horas;Indiferente;3;Media
349;C;16;15;16;18;16;15;14;14;14;17;3;0;M;4;deuda;Facil;Bueno;3 horas;Satisfecho;2;Buena
350;C;16;14;14;16;12;11;12;11;12;12;2;0;F;4;deuda;Ni Facil ni Dificil;Bueno;3 horas;Satisfecho;2;Buena
351;C;15;15;14;14;16;14;16;15;14;14;3;0;M;4;deuda;Facil;Bueno;3 horas;Satisfecho;2;Buena
352;C;15;11;9;12;11;11;12;11;7;6;2;0;M;4;deuda;Ni Facil ni Dificil;Indiferente;2 horas;Insatisfecho;2;Media
353;C;15;12;13;17;12;12;12;12;12;13;2;0;F;4;deuda;Facil;Bueno;3 horas;Satisfecho;1;Buena
354;C;16;11;11;13;13;12;13;12;12;12;2;0;M;4;deuda;Facil;Bueno;3 horas;Satisfecho;2;Buena
355;C;16;15;17;18;13;13;14;14;13;14;2;0;F;4;deuda;Facil;Bueno;3 horas;Satisfecho;1;Buena
356;C;16;10;12;17;11;6;9;11;7;6;1;0;M;4;deuda;Ni Facil ni Dificil;Indiferente;2 horas;Indiferente;4;Media
357;C;16;11;12;15;11;11;12;12;9;7;2;0;M;4;deuda;Ni Facil ni Dificil;Indiferente;2 horas;Indiferente;4;Media
358;C;15;10;9;14;11;8;8;11;8;10;2;0;M;4;deuda;Ni Facil ni Dificil;Indiferente;2 horas;Indiferente;3;Media
359;C;16;12;13;16;11;11;9;11;11;12;2;0;M;4;deuda;Ni Facil ni Dificil;Indiferente;2 horas;Insatisfecho;4;Media
360;C;15;12;11;13;11;11;12;11;8;6;2;0;M;4;deuda;Ni Facil ni Dificil;Indiferente;2 horas;Indiferente;2;Media
361;C;15;10;11;16;11;11;11;11;7;13;2;0;M;4;deuda;Ni Facil ni Dificil;Indiferente;2 horas;Indiferente;1;Media
362;C;15;16;15;15;14;15;15;16;14;14;3;0;F;4;deuda;Facil;Bueno;3 horas;Satisfecho;2;Buena
363;C;16;12;14;15;13;11;11;12;13;12;2;0;M;4;deuda;Ni Facil ni Dificil;Bueno;3 horas;Satisfecho;1;Buena
364;C;16;13;17;18;18;16;16;15;18;18;3;0;M;4;deuda;Muy Facil;Excelente;De 4 horas a más;Muy satisfecho;3;Muy buena
365;D;15;16;16;18;16;15;15;15;16;17;3;0;F;4;deuda;Facil;Bueno;3 horas;Satisfecho;4;Buena
366;D;15;16;16;19;15;14;14;14;15;15;3;0;M;4;deuda;Facil;Bueno;3 horas;Satisfecho;4;Buena
367;D;16;12;13;18;13;12;13;12;10;15;2;0;M;4;deuda;Facil;Bueno;3 horas;Satisfecho;2;Buena
368;D;15;16;17;19;13;15;13;15;16;16;3;0;F;4;deuda;Facil;Bueno;3 horas;Satisfecho;5;Buena
369;D;16;14;16;17;13;11;14;15;11;14;2;0;M;4;deuda;Facil;Bueno;3 horas;Satisfecho;2;Buena
370;D;16;17;17;19;17;17;17;18;18;19;3;0;M;4;deuda;Muy Facil;Excelente;De 4 horas a más;Muy satisfecho;2;Muy buena
371;D;15;18;17;19;15;14;13;14;15;15;3;0;M;4;deuda;Facil;Bueno;3 horas;Satisfecho;3;Buena
372;D;16;14;13;17;12;12;13;13;10;12;2;0;F;5;deuda;Ni Facil ni Dificil;Bueno;3 horas;Satisfecho;4;Buena
373;D;16;15;16;19;15;16;15;16;16;16;3;0;M;4;deuda;Facil;Excelente;De 4 horas a más;Muy satisfecho;1;Muy buena
374;D;15;15;16;19;15;15;13;14;15;13;3;0;M;4;deuda;Facil;Bueno;3 horas;Satisfecho;1;Buena
375;D;15;17;17;19;16;15;14;14;16;16;3;0;M;4;deuda;Facil;Bueno;3 horas;Satisfecho;4;Buena
376;D;16;15;16;18;16;15;16;16;16;15;3;0;F;4;deuda;Facil;Bueno;3 horas;Satisfecho;3;Buena
377;D;16;13;15;16;14;15;13;14;15;14;3;0;F;4;deuda;Facil;Bueno;3 horas;Satisfecho;4;Buena
378;D;16;17;18;19;18;16;17;16;19;19;3;0;F;4;deuda;Muy Facil;Excelente;De 4 horas a más;Muy satisfecho;1;Muy buena
379;D;15;17;17;19;15;15;16;15;16;18;3;0;M;4;deuda;Facil;Bueno;3 horas;Satisfecho;1;Buena
380;D;15;14;15;18;16;14;14;14;16;16;3;0;F;4;deuda;Facil;Bueno;3 horas;Satisfecho;2;Buena
381;D;15;17;18;19;18;17;17;17;19;19;3;0;F;4;deuda;Muy Facil;Excelente;De 4 horas a más;Muy satisfecho;2;Muy buena
382;D;16;15;17;18;14;14;13;14;15;14;3;0;M;4;deuda;Facil;Bueno;3 horas;Satisfecho;4;Buena
383;D;16;16;16;19;17;16;15;15;18;19;3;0;M;5;deuda;Muy Facil;Excelente;De 4 horas a más;Muy satisfecho;3;Muy buena
384;D;16;15;15;18;15;15;15;15;16;16;3;0;F;4;deuda;Facil;Bueno;3 horas;Satisfecho;2;Buena
385;D;15;14;14;17;14;12;11;12;13;14;2;0;M;4;deuda;Facil;Bueno;3 horas;Satisfecho;3;Buena
386;D;16;15;16;18;13;14;14;13;13;13;2;0;F;4;deuda;Facil;Bueno;3 horas;Satisfecho;3;Buena
387;D;16;13;15;18;13;13;12;11;13;12;2;0;M;4;deuda;Facil;Bueno;3 horas;Satisfecho;2;Buena
388;D;15;12;14;17;14;12;12;13;12;14;2;0;M;4;deuda;Facil;Bueno;3 horas;Satisfecho;3;Buena
389;D;15;16;16;19;14;14;14;16;16;17;3;0;M;4;deuda;Facil;Bueno;3 horas;Satisfecho;4;Buena
390;D;16;16;17;18;17;18;16;16;18;16;3;0;F;4;deuda;Muy Facil;Bueno;3 horas;Satisfecho;1;Buena
391;D;16;16;17;18;15;15;14;15;16;16;3;0;F;4;deuda;Facil;Bueno;3 horas;Satisfecho;4;Buena
392;D;16;16;18;19;15;15;15;15;16;15;3;0;F;4;deuda;Facil;Bueno;3 horas;Satisfecho;1;Buena
393;D;16;16;18;19;17;18;16;17;18;19;3;0;M;4;deuda;Muy Facil;Bueno;3 horas;Satisfecho;2;Buena
394;D;16;17;17;19;16;16;15;17;16;16;3;0;F;4;deuda;Facil;Excelente;De 4 horas a más;Muy satisfecho;5;Muy buena
395;D;16;16;16;18;16;16;15;16;16;16;3;0;F;4;deuda;Facil;Bueno;3 horas;Satisfecho;4;Buena
396;D;15;15;15;17;14;11;13;14;10;10;2;0;M;4;deuda;Facil;Bueno;3 horas;Satisfecho;3;Buena
397;D;16;16;17;17;13;12;13;13;10;15;2;0;M;4;deuda;Facil;Bueno;3 horas;Satisfecho;2;Buena
398;D;16;13;14;18;14;16;14;16;16;16;3;0;F;4;deuda;Facil;Bueno;3 horas;Satisfecho;1;Buena
399;E;16;11;12;15;11;11;12;12;8;6;2;0;M;4;deuda;Ni Facil ni Dificil;Indiferente;2 horas;Indiferente;1;Media
400;E;15;8;9;14;11;11;8;8;7;6;1;0;M;4;deuda;Ni Facil ni Dificil;Indiferente;2 horas;Indiferente;2;Media
401;E;16;12;12;16;11;12;9;12;8;15;2;0;M;4;deuda;Ni Facil ni Dificil;Indiferente;2 horas;Indiferente;2;Media
402;E;16;17;17;17;15;15;15;15;15;14;3;0;F;4;deuda;Facil;Bueno;3 horas;Satisfecho;2;Buena
403;E;15;17;17;17;16;17;16;17;16;15;3;0;M;4;deuda;Muy Facil;Excelente;De 4 horas a más;Muy satisfecho;1;Muy buena
404;E;15;11;12;15;11;11;9;12;11;11;2;0;M;4;deuda;Ni Facil ni Dificil;Indiferente;2 horas;Indiferente;3;Media
405;E;16;15;15;15;16;16;12;12;12;16;3;0;M;4;deuda;Facil;Bueno;3 horas;Satisfecho;3;Buena
406;E;16;14;12;15;14;13;12;12;12;14;2;0;F;4;deuda;Facil;Bueno;3 horas;Satisfecho;4;Buena
407;E;16;15;17;17;13;13;12;13;13;13;2;0;M;4;deuda;Facil;Bueno;3 horas;Satisfecho;3;Buena
408;E;15;15;16;17;12;13;12;12;13;13;2;0;M;4;deuda;Facil;Bueno;3 horas;Satisfecho;4;Buena
409;E;15;14;15;16;13;12;12;12;12;13;2;0;M;4;deuda;Facil;Bueno;3 horas;Satisfecho;3;Buena
410;E;15;12;12;16;12;11;8;12;12;7;2;0;F;4;deuda;Ni Facil ni Dificil;Indiferente;2 horas;Indiferente;4;Media
411;E;15;17;17;17;15;14;14;15;15;14;3;0;f;4;deuda;Facil;Bueno;3 horas;Satisfecho;3;Buena
412;E;15;15;16;18;15;15;15;15;16;16;3;0;M;4;deuda;Facil;Bueno;3 horas;Satisfecho;4;Buena
413;E;15;15;16;16;14;14;14;14;13;14;2;0;M;4;deuda;Facil;Bueno;3 horas;Satisfecho;4;Buena
414;E;15;9;10;15;11;11;8;8;6;6;1;0;F;4;deuda;Ni Facil ni Dificil;Indiferente;2 horas;Indiferente;1;Mala
415;E;15;11;10;15;11;12;9;8;12;12;2;0;M;4;deuda;Ni Facil ni Dificil;Indiferente;2 horas;Indiferente;5;Media
416;E;15;12;14;15;11;12;14;14;7;7;2;0;M;4;deuda;Ni Facil ni Dificil;Bueno;3 horas;Satisfecho;2;Buena
417;E;16;10;11;15;13;14;8;8;8;15;2;0;M;4;deuda;Facil;Indiferente;2 horas;Indiferente;3;Media
418;E;15;13;16;17;12;12;12;12;12;11;2;0;M;4;deuda;Ni Facil ni Dificil;Bueno;3 horas;Indiferente;2;Buena
419;E;15;15;16;17;13;13;14;14;12;13;2;0;M;4;deuda;Facil;Bueno;3 horas;Satisfecho;1;Buena
420;E;16;9;16;16;11;11;9;6;6;6;1;0;M;4;deuda;Ni Facil ni Dificil;Indiferente;2 horas;Indiferente;4;Media
421;E;16;12;13;16;11;11;12;13;12;7;2;0;M;4;deuda;Ni Facil ni Dificil;Indiferente;2 horas;Indiferente;1;Media
422;E;16;13;12;14;13;12;13;12;11;12;2;0;F;5;deuda;Facil;Indiferente;2 horas;Indiferente;1;Media
423;E;15;14;15;16;11;13;14;14;12;10;2;0;M;4;deuda;Facil;Bueno;3 horas;Satisfecho;4;Buena
424;E;15;15;14;16;12;11;13;13;13;10;2;0;M;4;deuda;Ni Facil ni Dificil;Bueno;3 horas;Satisfecho;1;Buena
425;E;16;13;15;16;11;11;12;12;12;7;2;0;F;4;deuda;Ni Facil ni Dificil;Indiferente;2 horas;Indiferente;3;Media
426;E;15;14;15;16;12;13;14;13;12;6;2;0;M;4;deuda;Facil;Bueno;3 horas;Satisfecho;1;Buena
427;E;15;14;15;17;13;13;9;13;14;10;2;0;M;4;deuda;Facil;Bueno;3 horas;Satisfecho;2;Buena
428;E;15;13;15;16;13;13;12;13;12;12;2;0;M;4;deuda;Facil;Bueno;3 horas;Satisfecho;3;Buena
429;E;16;15;16;17;12;11;12;12;12;10;2;0;M;4;deuda;Ni Facil ni Dificil;Bueno;3 horas;Indiferente;2;Buena
430;E;15;14;15;16;11;11;12;11;12;12;2;0;M;4;deuda;Ni Facil ni Dificil;Bueno;3 horas;Satisfecho;1;Media
431;E;16;13;13;16;13;12;12;13;12;9;2;0;M;4;deuda;Facil;Bueno;3 horas;Indiferente;4;Buena
432;E;16;14;15;15;11;11;12;12;11;12;2;0;F;4;deuda;Ni Facil ni Dificil;Bueno;3 horas;Satisfecho;2;Buena
433;F;15;17;16;16;14;14;13;12;13;14;2;0;M;4;deuda;Facil;Bueno;3 horas;Satisfecho;3;Buena
434;F;16;15;14;13;15;11;15;14;17;6;2;0;M;4;deuda;Facil;Bueno;3 horas;Satisfecho;3;Buena
435;F;16;17;17;17;16;16;14;15;16;16;3;0;M;4;deuda;Facil;Bueno;3 horas;Satisfecho;2;Buena
436;F;16;15;15;16;14;13;14;16;13;16;3;0;M;4;deuda;Facil;Bueno;3 horas;Satisfecho;2;Buena
437;F;16;15;17;16;13;14;13;13;13;14;2;0;F;4;deuda;Facil;Bueno;1 hora;Satisfecho;3;Buena
438;F;16;17;16;18;13;14;13;12;13;14;2;0;M;5;deuda;Facil;Bueno;3 horas;Satisfecho;2;Buena
439;F;15;18;17;17;14;14;13;14;13;14;2;0;F;4;deuda;Facil;Bueno;3 horas;Satisfecho;2;Buena
440;F;15;12;13;17;13;11;8;9;13;7;2;0;F;4;deuda;Ni Facil ni Dificil;Indiferente;1 hora;Indiferente;2;Media
441;F;16;16;17;16;14;14;12;14;14;13;2;0;M;4;deuda;Facil;Bueno;3 horas;Satisfecho;3;Buena
442;F;16;17;17;19;12;12;13;13;13;12;2;0;M;4;deuda;Facil;Bueno;3 horas;Satisfecho;2;Buena
443;F;15;15;15;15;11;11;14;12;13;9;2;0;M;4;deuda;Ni Facil ni Dificil;Bueno;3 horas;Satisfecho;2;Buena
444;F;16;18;18;19;16;14;14;15;15;16;3;0;M;4;deuda;Facil;Bueno;3 horas;Satisfecho;5;Buena
445;F;16;17;17;18;13;15;13;14;14;15;3;0;F;4;deuda;Facil;Bueno;3 horas;Satisfecho;2;Buena
446;F;15;17;17;18;14;13;14;14;13;13;2;0;M;4;deuda;Facil;Bueno;3 horas;Satisfecho;4;Buena
447;F;16;16;16;16;13;11;12;13;10;14;2;0;M;4;deuda;Facil;Bueno;3 horas;Satisfecho;4;Buena
448;F;16;18;18;18;15;16;15;16;17;16;3;0;F;4;deuda;Facil;Bueno;3 horas;Satisfecho;2;Buena
449;F;15;17;16;16;16;14;14;15;15;16;3;0;M;4;deuda;Facil;Bueno;3 horas;Satisfecho;2;Buena
450;F;16;16;18;16;16;15;14;16;15;14;3;0;F;4;deuda;Facil;Bueno;3 horas;Satisfecho;4;Media
451;F;16;10;12;14;11;11;9;7;8;6;1;0;M;4;deuda;Ni Facil ni Dificil;Indiferente;2 horas;Indiferente;4;Media
452;F;15;14;14;17;13;12;9;13;11;7;2;0;F;4;deuda;Ni Facil ni Dificil;Bueno;3 horas;Satisfecho;3;Buena
453;F;15;16;18;18;14;13;14;13;13;14;2;0;F;4;deuda;Facil;Bueno;3 horas;Satisfecho;4;Buena
454;F;15;17;16;15;12;13;13;12;13;14;2;0;M;4;deuda;Facil;Bueno;3 horas;Satisfecho;4;Buena
455;F;15;17;18;18;16;15;13;15;17;16;3;0;F;4;deuda;Facil;Bueno;3 horas;Satisfecho;4;Buena
456;F;15;16;17;18;14;14;13;14;14;14;2;0;F;4;deuda;Facil;Bueno;3 horas;Satisfecho;3;Buena
457;F;15;18;18;18;14;15;14;16;16;18;3;0;F;4;deuda;Facil;Bueno;3 horas;Satisfecho;3;Buena
458;F;15;18;18;18;17;17;16;16;19;18;3;0;M;4;deuda;Muy Facil;Excelente;De 4 horas a más;Muy satisfecho;2;Muy buena
459;F;16;12;14;17;11;13;14;14;10;5;2;0;M;4;deuda;Ni Facil ni Dificil;Bueno;3 horas;Satisfecho;2;Buena
460;F;16;19;19;19;19;19;18;18;19;19;3;0;M;4;deuda;Muy Facil;Excelente;De 4 horas a más;Muy satisfecho;4;Muy buena
461;F;16;9;9;15;12;12;12;8;5;5;2;0;M;4;deuda;Ni Facil ni Dificil;Indiferente;2 horas;Indiferente;3;Media
462;F;16;12;12;15;13;12;8;11;12;13;2;0;M;4;deuda;Ni Facil ni Dificil;Bueno;3 horas;Satisfecho;1;Buena
463;F;15;15;15;15;12;12;9;12;9;8;2;0;M;4;deuda;Ni Facil ni Dificil;Indiferente;2 horas;Indiferente;3;Media
464;F;15;17;16;18;12;14;13;14;10;14;2;0;M;4;deuda;Facil;Bueno;3 horas;Satisfecho;2;Buena
465;F;15;15;15;16;14;14;14;14;14;14;3;0;M;4;deuda;Facil;Bueno;3 horas;Satisfecho;2;Buena
466;SC1;16;18;19;20;19;20;19;19;20;20;3;1;M;4;beca;Muy Facil;Excelente;De 4 horas a más;Muy satisfecho;3;Muy buena
467;SC1;16;20;19;20;20;20;19;19;20;20;3;1;F;4;beca;Muy Facil;Excelente;3 horas;Muy satisfecho;3;Buena
468;SC1;16;15;17;20;20;16;19;18;16;20;3;1;M;4;beca;Muy Facil;Excelente;De 4 horas a más;Muy satisfecho;2;Muy buena
469;SC1;16;17;18;20;18;19;19;18;20;20;3;1;F;4;beca;Muy Facil;Excelente;3 horas;Muy satisfecho;2;Muy buena
470;SC1;16;12;17;18;15;19;17;16;15;19;3;1;F;4;beca;Muy Facil;Bueno;3 horas;Satisfecho;2;Buena
471;SC1;15;16;19;20;19;19;19;18;19;20;3;1;F;4;beca;Muy Facil;Excelente;De 4 horas a más;Muy satisfecho;2;Muy buena
472;SC1;16;16;19;20;20;18;18;18;18;20;3;1;M;4;beca;Muy Facil;Excelente;De 4 horas a más;Muy satisfecho;1;Muy buena
473;SC1;16;13;18;20;15;15;16;16;15;19;3;1;M;4;beca;Facil;Bueno;3 horas;Satisfecho;4;Buena
474;SC1;16;15;16;18;19;18;19;19;18;18;3;1;M;4;beca;Muy Facil;Excelente;De 4 horas a más;Muy satisfecho;3;Muy buena
475;SC1;15;18;19;20;20;19;19;18;20;20;3;1;F;4;beca;Muy Facil;Excelente;De 4 horas a más;Muy satisfecho;2;Muy buena
476;SC1;16;12;16;20;18;17;17;17;17;19;3;1;M;4;beca;Muy Facil;Bueno;3 horas;Satisfecho;3;Buena
477;SC1;16;17;18;20;18;18;18;18;18;20;3;1;M;4;beca;Muy Facil;Excelente;De 4 horas a más;Muy satisfecho;3;Muy buena
478;SC1;15;18;19;20;20;20;20;20;20;20;3;1;M;5;beca;Muy Facil;Excelente;De 4 horas a más;Muy satisfecho;3;Muy buena
479;SC1;16;14;18;18;16;17;18;18;14;18;3;1;M;4;beca;Muy Facil;Bueno;3 horas;Satisfecho;4;Buena
480;SC1;15;17;19;20;19;20;19;18;19;20;3;1;M;4;beca;Muy Facil;Excelente;De 4 horas a más;Muy satisfecho;1;Muy buena
481;SC1;16;19;19;20;18;19;19;18;16;20;3;1;M;4;beca;Muy Facil;Excelente;3 horas;Muy satisfecho;5;Muy buena
482;SC1;16;19;19;20;20;17;19;18;17;20;3;1;M;4;beca;Muy Facil;Excelente;3 horas;Muy satisfecho;1;Muy buena
483;SC1;16;17;19;20;19;19;18;17;19;20;3;1;M;4;beca;Muy Facil;Excelente;De 4 horas a más;Muy satisfecho;1;Buena
484;SC1;16;15;18;20;17;18;17;18;17;18;3;1;M;4;beca;Muy Facil;Excelente;3 horas;Muy satisfecho;2;Muy buena
485;SC1;15;18;19;20;18;18;18;20;20;20;3;1;M;4;beca;Muy Facil;Excelente;De 4 horas a más;Muy satisfecho;1;Muy buena
486;SC2;15;17;18;20;17;20;17;16;19;20;3;1;M;4;beca;Muy Facil;Excelente;De 4 horas a más;Muy satisfecho;3;Buena
487;SC2;15;14;17;20;18;18;18;18;19;20;3;1;M;4;beca;Muy Facil;Excelente;De 4 horas a más;Muy satisfecho;4;Muy buena
488;A;16;15;16;20;15;16;16;15;15;16;3;0;F;5;deuda;Facil;Bueno;3 horas;Satisfecho;4;Buena
489;A;17;12;15;20;14;14;14;13;14;13;2;0;F;5;deuda;Facil;Bueno;3 horas;Satisfecho;1;Buena
490;A;16;12;13;18;15;16;16;13;15;13;3;0;M;5;deuda;Facil;Bueno;3 horas;Satisfecho;1;Buena
491;A;16;18;17;18;14;15;17;14;16;15;3;0;F;5;deuda;Facil;Bueno;3 horas;Satisfecho;1;Buena
492;A;16;15;14;19;16;15;17;15;16;14;3;0;F;5;deuda;Facil;Bueno;3 horas;Satisfecho;1;Buena
493;A;16;9;10;17;12;11;10;11;12;13;2;0;M;5;deuda;Ni Facil ni Dificil;Indiferente;2 horas;Indiferente;2;Media
494;A;17;9;11;15;11;11;9;10;10;11;2;0;M;5;deuda;Ni Facil ni Dificil;Indiferente;2 horas;Indiferente;3;Media
495;A;17;14;14;19;17;16;14;14;17;16;3;0;M;5;deuda;Facil;Bueno;3 horas;Satisfecho;4;Buena
496;A;17;9;10;17;11;11;9;11;12;11;2;0;M;5;deuda;Ni Facil ni Dificil;Indiferente;2 horas;Indiferente;1;Media
497;A;17;14;15;20;15;13;16;15;13;13;3;0;F;5;deuda;Facil;Bueno;3 horas;Satisfecho;1;Buena
498;A;16;9;13;18;12;12;12;10;12;12;2;0;M;5;deuda;Ni Facil ni Dificil;Indiferente;2 horas;Indiferente;2;Media
499;A;16;15;17;20;14;14;17;14;14;16;3;0;F;5;deuda;Facil;Bueno;3 horas;Satisfecho;3;Buena
500;A;17;13;16;20;13;14;14;13;14;13;2;0;F;5;deuda;Facil;Bueno;3 horas;Satisfecho;3;Buena
501;A;17;12;12;17;14;12;12;13;14;12;2;0;M;5;deuda;Facil;Indiferente;2 horas;Indiferente;3;Media
502;A;16;12;12;16;12;12;9;11;12;14;2;0;F;5;deuda;Ni Facil ni Dificil;Indiferente;2 horas;Indiferente;3;Media
503;A;17;11;11;18;11;11;10;13;12;12;2;0;M;5;deuda;Ni Facil ni Dificil;Indiferente;2 horas;Indiferente;4;Media
504;A;16;13;13;20;15;14;15;15;14;14;3;0;M;5;deuda;Facil;Bueno;3 horas;Satisfecho;4;Buena
505;A;16;13;12;18;13;14;11;13;13;14;2;0;M;5;deuda;Facil;Indiferente;2 horas;Indiferente;5;Media
506;A;17;12;13;19;14;12;13;12;14;15;2;0;M;5;deuda;Facil;Bueno;3 horas;Satisfecho;1;Buena
507;A;16;16;17;19;15;18;17;15;17;18;3;0;F;5;deuda;Muy Facil;Bueno;3 horas;Satisfecho;2;Buena
508;A;16;12;11;17;15;15;11;15;12;14;2;0;M;5;deuda;Facil;Bueno;3 horas;Satisfecho;3;Buena
509;A;16;12;12;16;14;15;15;12;12;13;2;0;M;5;deuda;Facil;Bueno;3 horas;Satisfecho;4;Buena
510;A;17;14;13;18;16;15;17;15;16;15;3;0;F;5;deuda;Facil;Bueno;3 horas;Satisfecho;1;Buena
511;A;17;12;12;16;13;13;9;13;14;15;2;0;F;5;deuda;Facil;Bueno;3 horas;Satisfecho;4;Buena
512;A;16;11;12;16;12;11;11;12;14;14;2;0;M;5;deuda;Facil;Indiferente;2 horas;Indiferente;3;Media
513;A;16;10;13;18;14;13;13;11;13;14;2;0;F;5;deuda;Facil;Indiferente;2 horas;Indiferente;4;Media
514;A;17;12;12;16;14;13;14;13;14;13;2;0;M;5;deuda;Facil;Indiferente;2 horas;Indiferente;1;Media
515;A;16;12;14;19;11;11;14;12;9;3;2;0;F;5;deuda;Ni Facil ni Dificil;Bueno;3 horas;Satisfecho;1;Buena
516;A;17;13;14;20;12;14;15;12;15;15;2;0;M;5;deuda;Facil;Bueno;3 horas;Satisfecho;1;Buena
517;B;17;15;18;19;17;18;17;18;19;17;3;0;M;5;deuda;Muy Facil;Bueno;3 horas;Satisfecho;2;Buena
518;B;17;16;17;18;19;20;17;18;20;18;3;0;F;5;deuda;Muy Facil;Excelente;De 4 horas a más;Muy satisfecho;2;Muy buena
519;B;17;19;19;19;19;18;18;19;20;20;3;0;M;5;deuda;Muy Facil;Excelente;De 4 horas a más;Muy satisfecho;2;Muy buena
520;B;17;19;19;20;17;20;17;18;20;20;3;0;M;5;deuda;Muy Facil;Excelente;De 4 horas a más;Muy satisfecho;4;Muy buena
521;B;16;18;17;19;17;17;17;19;20;20;3;0;F;5;deuda;Muy Facil;Excelente;De 4 horas a más;Muy satisfecho;2;Muy buena
522;B;16;18;18;19;20;19;17;18;20;20;3;0;F;5;deuda;Muy Facil;Excelente;De 4 horas a más;Muy satisfecho;4;Muy buena
523;B;16;19;19;20;12;11;17;19;19;7;3;0;M;5;deuda;Facil;Excelente;De 4 horas a más;Muy satisfecho;1;Muy buena
524;B;16;16;18;20;18;16;16;17;19;19;3;0;M;5;deuda;Muy Facil;Bueno;3 horas;Satisfecho;3;Buena
525;B;16;18;18;19;20;19;18;19;20;20;3;0;M;5;deuda;Muy Facil;Excelente;De 4 horas a más;Muy satisfecho;2;Muy buena
526;B;16;19;19;19;19;19;19;19;20;20;3;0;M;5;deuda;Muy Facil;Excelente;De 4 horas a más;Muy satisfecho;2;Muy buena
527;B;17;18;19;19;18;16;16;17;19;20;3;0;M;5;deuda;Muy Facil;Excelente;De 4 horas a más;Muy satisfecho;3;Muy buena
528;B;16;19;18;19;18;18;18;19;20;20;3;0;M;5;deuda;Muy Facil;Excelente;De 4 horas a más;Muy satisfecho;3;Muy buena
529;B;17;19;18;19;17;20;17;19;20;20;3;0;F;5;deuda;Muy Facil;Excelente;De 4 horas a más;Muy satisfecho;1;Muy buena
530;B;17;18;17;19;18;19;18;19;20;20;3;0;M;5;deuda;Muy Facil;Excelente;De 4 horas a más;Muy satisfecho;4;Muy buena
531;B;16;15;15;19;17;18;16;18;17;17;3;0;M;5;deuda;Muy Facil;Bueno;3 horas;Satisfecho;1;Buena
532;B;16;17;17;18;20;18;17;18;20;20;3;0;M;5;deuda;Muy Facil;Excelente;De 4 horas a más;Muy satisfecho;4;Muy buena
533;B;17;17;17;19;17;19;17;19;20;19;3;0;F;5;deuda;Muy Facil;Excelente;De 4 horas a más;Muy satisfecho;2;Muy buena
534;B;17;15;16;19;19;18;17;18;20;19;3;0;M;5;deuda;Muy Facil;Excelente;De 4 horas a más;Muy satisfecho;1;Muy buena
535;B;17;19;18;19;20;17;17;18;20;20;3;0;M;5;deuda;Muy Facil;Excelente;De 4 horas a más;Muy satisfecho;2;Muy buena
536;B;17;19;18;19;19;18;18;19;20;20;3;0;F;5;deuda;Muy Facil;Excelente;De 4 horas a más;Muy satisfecho;4;Muy buena
537;B;16;19;18;19;20;17;17;19;20;19;3;0;M;5;deuda;Muy Facil;Excelente;De 4 horas a más;Muy satisfecho;2;Muy buena
538;B;16;19;18;19;19;17;17;18;20;20;3;0;M;5;deuda;Muy Facil;Excelente;De 4 horas a más;Muy satisfecho;3;Muy buena
539;B;17;19;17;19;20;20;17;17;20;20;3;0;F;5;deuda;Muy Facil;Excelente;De 4 horas a más;Muy satisfecho;4;Muy buena
540;B;16;19;17;19;17;17;17;19;20;20;3;0;M;5;deuda;Muy Facil;Excelente;De 4 horas a más;Muy satisfecho;3;Muy buena
541;B;17;16;16;19;20;15;15;17;20;17;3;0;F;5;deuda;Muy Facil;Bueno;3 horas;Satisfecho;2;Buena
542;B;17;18;18;20;19;19;17;17;19;18;3;0;F;5;deuda;Muy Facil;Excelente;De 4 horas a más;Muy satisfecho;1;Muy buena
543;B;17;19;18;19;18;20;17;19;20;20;3;0;F;5;deuda;Muy Facil;Excelente;De 4 horas a más;Muy satisfecho;3;Muy buena
544;B;16;20;20;20;18;19;18;19;20;20;3;0;M;5;deuda;Muy Facil;Excelente;De 4 horas a más;Muy satisfecho;2;Muy buena
545;C;17;12;14;16;12;13;12;14;14;10;2;0;F;5;deuda;Facil;Bueno;3 horas;Satisfecho;2;Buena
546;C;16;12;14;16;11;13;13;11;11;12;2;0;M;5;deuda;Ni Facil ni Dificil;Indiferente;2 horas;Indiferente;3;Media
547;C;16;10;10;11;11;12;10;10;10;12;2;0;M;5;deuda;Ni Facil ni Dificil;Indiferente;2 horas;Indiferente;1;Media
548;C;16;12;16;17;12;11;12;11;11;12;2;0;M;5;deuda;Ni Facil ni Dificil;Indiferente;2 horas;Indiferente;3;Media
549;C;16;14;15;18;12;12;14;13;13;12;2;0;M;5;deuda;Facil;Bueno;3 horas;Satisfecho;1;Buena
550;C;16;15;17;19;17;17;16;17;18;16;3;0;F;5;deuda;Muy Facil;Bueno;3 horas;Satisfecho;3;Buena
551;C;17;13;14;17;11;14;10;14;14;11;2;0;M;5;deuda;Facil;Indiferente;2 horas;Indiferente;1;Media
552;C;16;16;17;19;18;16;15;15;16;18;3;0;M;5;deuda;Facil;Bueno;3 horas;Satisfecho;2;Buena
553;C;17;12;16;18;13;13;12;13;11;14;2;0;M;5;deuda;Facil;Indiferente;2 horas;Indiferente;2;Media
554;C;17;14;17;19;12;15;14;13;10;15;2;0;M;5;deuda;Facil;Bueno;3 horas;Satisfecho;1;Buena
555;C;17;13;16;19;15;14;15;15;15;14;3;0;F;5;deuda;Facil;Bueno;3 horas;Satisfecho;4;Buena
556;C;17;14;16;18;15;13;15;13;14;14;3;0;M;5;deuda;Facil;Bueno;3 horas;Satisfecho;4;Buena
557;C;16;14;15;18;13;11;15;14;11;14;2;0;F;5;deuda;Facil;Bueno;3 horas;Satisfecho;1;Buena
558;C;17;12;13;14;13;14;12;12;17;15;2;0;M;5;deuda;Facil;Indiferente;2 horas;Indiferente;4;Media
559;C;17;16;18;20;15;17;17;17;16;15;3;0;F;5;deuda;Muy Facil;Bueno;3 horas;Satisfecho;1;Buena
560;C;17;12;15;19;14;13;13;13;13;14;2;0;F;5;deuda;Facil;Bueno;3 horas;Satisfecho;1;Buena
561;C;16;13;18;20;16;15;16;15;17;17;3;0;M;5;deuda;Muy Facil;Bueno;3 horas;Satisfecho;2;Buena
562;C;16;12;14;17;12;12;13;13;12;13;2;0;F;5;deuda;Facil;Indiferente;2 horas;Indiferente;4;Media
563;C;17;12;15;16;14;14;13;12;13;14;2;0;M;5;deuda;Facil;Bueno;3 horas;Satisfecho;3;Buena
564;C;16;12;13;16;14;14;9;12;13;14;2;0;M;5;deuda;Ni Facil ni Dificil;Bueno;3 horas;Satisfecho;1;Buena
565;C;17;15;17;19;16;18;16;14;18;17;3;0;F;5;deuda;Muy Facil;Bueno;3 horas;Satisfecho;1;Buena
566;C;17;7;9;10;11;11;11;10;9;9;2;0;F;5;deuda;Ni Facil ni Dificil;Indiferente;2 horas;Indiferente;1;Media
567;C;16;9;13;16;12;11;12;12;12;11;2;0;F;5;deuda;Ni Facil ni Dificil;Indiferente;2 horas;Indiferente;1;Media
568;C;17;7;12;13;11;11;11;11;11;11;2;0;M;5;deuda;Ni Facil ni Dificil;Indiferente;2 horas;Indiferente;3;Media
569;C;16;17;16;19;16;17;14;16;17;17;3;0;M;5;deuda;Facil;Bueno;3 horas;Satisfecho;3;Buena
570;C;17;17;18;20;16;17;17;17;17;16;3;0;F;5;deuda;Muy Facil;Excelente;De 4 horas a más;Muy satisfecho;4;Muy buena
571;C;17;14;15;18;15;15;15;16;16;15;3;0;F;5;deuda;Facil;Bueno;3 horas;Satisfecho;2;Buena
572;C;17;13;15;17;13;12;13;12;14;14;2;0;M;5;deuda;Facil;Indiferente;2 horas;Indiferente;3;Media
573;C;16;16;18;18;16;16;15;16;15;15;3;0;M;5;deuda;Facil;Bueno;3 horas;Satisfecho;4;Buena
574;D;16;16;17;18;13;13;13;15;13;15;2;0;M;5;deuda;Facil;Bueno;3 horas;Satisfecho;1;Buena
575;D;17;7;8;12;11;11;9;8;8;11;2;0;F;5;deuda;Ni Facil ni Dificil;Indiferente;2 horas;Indiferente;3;Media
576;D;16;13;16;17;13;13;14;15;13;12;2;0;F;5;deuda;Facil;Bueno;3 horas;Satisfecho;4;Buena
577;D;16;11;13;15;16;13;13;13;17;13;3;0;M;5;deuda;Facil;Bueno;3 horas;Satisfecho;3;Buena
578;D;16;13;16;18;13;15;11;12;15;15;2;0;M;5;deuda;Facil;Bueno;3 horas;Satisfecho;2;Buena
579;D;16;10;14;17;11;13;13;12;11;11;2;0;F;5;deuda;Ni Facil ni Dificil;Indiferente;2 horas;Indiferente;3;Media
580;D;17;13;13;16;15;14;14;16;15;14;3;0;F;5;deuda;Facil;Bueno;3 horas;Satisfecho;3;Buena
581;D;17;15;16;19;15;14;16;15;16;14;3;0;F;5;deuda;Facil;Bueno;3 horas;Satisfecho;2;Buena
582;D;17;15;17;20;15;14;13;15;16;15;3;0;F;5;deuda;Facil;Bueno;3 horas;Satisfecho;1;Buena
583;D;17;14;14;16;13;13;13;16;14;14;2;0;F;5;deuda;Facil;Bueno;3 horas;Satisfecho;2;Buena
584;D;16;10;13;14;11;11;9;10;12;10;2;0;M;5;deuda;Ni Facil ni Dificil;Indiferente;2 horas;Indiferente;4;Media
585;D;17;11;16;17;11;11;13;10;14;13;2;0;M;5;deuda;Facil;Indiferente;2 horas;Indiferente;3;Media
586;D;17;15;16;17;17;16;15;17;16;15;3;0;F;5;deuda;Facil;Bueno;3 horas;Satisfecho;2;Buena
587;D;16;11;13;16;15;14;13;11;15;11;2;0;F;5;deuda;Facil;Indiferente;2 horas;Indiferente;4;Media
588;D;16;13;15;18;16;16;13;12;16;12;3;0;M;5;deuda;Facil;Bueno;3 horas;Satisfecho;1;Buena
589;D;17;13;14;17;15;16;15;14;17;15;3;0;M;5;deuda;Facil;Bueno;3 horas;Satisfecho;4;Buena
590;D;16;12;13;15;13;13;14;11;14;11;2;0;M;5;deuda;Facil;Bueno;3 horas;Satisfecho;1;Buena
591;D;16;13;14;17;13;13;15;15;13;14;2;0;M;5;deuda;Facil;Bueno;3 horas;Satisfecho;3;Buena
592;D;17;13;14;17;13;13;12;14;14;13;2;0;M;5;deuda;Facil;Bueno;3 horas;Satisfecho;3;Buena
593;D;17;12;14;15;11;13;11;12;12;13;2;0;F;5;deuda;Ni Facil ni Dificil;Indiferente;2 horas;Indiferente;2;Media
594;D;17;15;15;17;17;17;15;16;17;13;3;0;F;5;deuda;Facil;Bueno;3 horas;Satisfecho;1;Buena
595;D;16;15;15;18;17;16;17;17;17;16;3;0;M;5;deuda;Muy Facil;Bueno;3 horas;Satisfecho;1;Buena
596;D;16;14;14;16;14;14;15;16;15;13;3;0;F;5;deuda;Facil;Bueno;3 horas;Satisfecho;1;Buena
597;D;16;14;15;16;17;16;16;15;17;16;3;0;M;5;deuda;Facil;Bueno;3 horas;Satisfecho;2;Buena
598;D;17;14;16;18;17;16;15;15;18;16;3;0;F;5;deuda;Facil;Bueno;3 horas;Satisfecho;3;Buena
599;D;16;12;13;16;12;16;11;16;15;13;2;0;F;5;deuda;Facil;Bueno;3 horas;Satisfecho;3;Buena
600;D;16;15;18;19;17;15;14;14;17;18;3;0;M;5;deuda;Facil;Bueno;3 horas;Satisfecho;3;Buena
601;D;17;14;17;19;14;16;14;14;16;16;3;0;M;5;deuda;Facil;Bueno;3 horas;Satisfecho;1;Buena
602;D;17;15;16;18;17;17;17;17;17;16;3;0;F;5;deuda;Muy Facil;Excelente;De 4 horas a más;Muy satisfecho;3;Muy buena
603;E;16;15;16;19;13;12;12;13;16;16;2;0;M;5;deuda;Facil;Bueno;3 horas;Satisfecho;4;Buena
604;E;16;13;14;19;14;13;14;13;15;15;3;0;M;5;deuda;Facil;Bueno;3 horas;Satisfecho;1;Buena
605;E;16;12;13;15;11;12;11;13;16;11;2;0;M;5;deuda;Facil;Indiferente;2 horas;Indiferente;2;Media
606;E;17;10;11;12;13;13;13;9;12;11;2;0;M;5;deuda;Ni Facil ni Dificil;Indiferente;2 horas;Indiferente;3;Media
607;E;16;13;15;17;13;13;14;13;15;14;2;0;F;5;deuda;Facil;Bueno;3 horas;Satisfecho;3;Buena
608;E;16;16;17;20;16;14;15;14;17;16;3;0;F;5;deuda;Facil;Bueno;3 horas;Satisfecho;3;Buena
609;E;17;14;16;20;16;16;15;14;14;16;3;0;F;5;deuda;Facil;Bueno;3 horas;Satisfecho;2;Buena
610;E;16;12;13;18;13;17;13;13;17;16;3;0;M;5;deuda;Facil;Bueno;3 horas;Satisfecho;3;Buena
611;E;17;9;12;15;11;11;7;9;11;11;2;0;M;5;deuda;Ni Facil ni Dificil;Indiferente;2 horas;Indiferente;4;Media
612;E;16;13;15;19;15;15;14;16;15;14;3;0;F;5;deuda;Facil;Bueno;3 horas;Satisfecho;2;Buena
613;E;17;12;14;19;14;14;10;14;13;12;2;0;F;5;deuda;Facil;Indiferente;2 horas;Indiferente;5;Media
614;E;16;12;15;19;15;14;13;15;14;13;3;0;F;5;deuda;Facil;Bueno;3 horas;Satisfecho;1;Buena
615;E;17;13;15;19;14;15;15;13;15;13;3;0;M;5;deuda;Facil;Bueno;3 horas;Satisfecho;1;Buena
616;E;16;12;14;19;14;15;12;15;17;13;3;0;F;5;deuda;Facil;Bueno;3 horas;Satisfecho;5;Buena
617;E;17;14;15;19;15;14;14;15;14;14;3;0;M;5;deuda;Facil;Bueno;3 horas;Satisfecho;1;Buena
618;E;16;12;14;20;14;14;12;14;12;13;2;0;F;5;deuda;Facil;Bueno;3 horas;Satisfecho;1;Buena
619;E;16;13;14;20;14;13;11;13;15;15;2;0;M;5;deuda;Facil;Bueno;3 horas;Satisfecho;3;Buena
620;E;17;12;13;19;14;15;14;15;12;13;2;0;F;5;deuda;Facil;Bueno;3 horas;Satisfecho;4;Buena
621;E;16;12;12;17;15;16;15;14;18;13;3;0;M;5;deuda;Facil;Bueno;3 horas;Satisfecho;2;Buena
622;E;16;14;17;20;14;13;14;13;14;14;2;0;F;5;deuda;Facil;Bueno;3 horas;Satisfecho;2;Buena
623;E;16;13;16;20;15;14;15;15;14;14;3;0;F;5;deuda;Facil;Bueno;3 horas;Satisfecho;3;Buena
624;E;16;14;15;20;13;15;15;16;17;13;3;0;M;5;deuda;Facil;Bueno;3 horas;Satisfecho;2;Buena
625;E;16;15;17;20;16;16;16;14;16;15;3;0;F;5;deuda;Facil;Bueno;3 horas;Satisfecho;4;Buena
626;E;16;13;15;19;11;14;11;15;15;13;2;0;M;5;deuda;Facil;Bueno;3 horas;Satisfecho;4;Buena
627;E;17;16;18;20;15;16;15;16;17;17;3;0;F;5;deuda;Muy Facil;Bueno;3 horas;Satisfecho;5;Buena
628;E;16;11;15;18;11;11;10;11;12;11;2;0;M;5;deuda;Ni Facil ni Dificil;Indiferente;2 horas;Indiferente;1;Media
629;E;17;11;13;17;11;12;14;10;11;11;2;0;M;5;deuda;Ni Facil ni Dificil;Indiferente;2 horas;Indiferente;4;Media
630;F;16;13;13;14;15;12;10;15;15;15;2;0;M;5;deuda;Facil;Indiferente;2 horas;Indiferente;2;Media
631;F;16;19;20;17;20;20;15;18;19;20;3;0;M;5;deuda;Muy Facil;Excelente;De 4 horas a más;Muy satisfecho;1;Muy buena
632;F;16;17;16;17;16;19;16;17;19;18;3;0;M;5;deuda;Muy Facil;Bueno;3 horas;Satisfecho;2;Buena
633;F;16;16;15;17;16;20;16;18;20;17;3;0;M;5;deuda;Muy Facil;Excelente;De 4 horas a más;Muy satisfecho;3;Muy buena
634;F;17;14;17;17;17;16;16;17;17;18;3;0;M;5;deuda;Muy Facil;Bueno;3 horas;Satisfecho;1;Buena
635;F;16;14;14;16;14;16;14;15;16;16;3;0;M;5;deuda;Facil;Bueno;3 horas;Satisfecho;1;Buena
636;F;16;14;16;17;17;17;16;16;17;16;3;0;M;5;deuda;Muy Facil;Bueno;3 horas;Satisfecho;2;Buena
637;F;17;19;18;18;16;20;16;17;20;20;3;0;M;5;deuda;Muy Facil;Excelente;De 4 horas a más;Muy satisfecho;2;Muy buena
638;F;17;19;19;18;15;20;15;18;20;20;3;0;M;5;deuda;Muy Facil;Bueno;3 horas;Satisfecho;4;Buena
639;F;16;18;18;17;17;18;16;18;20;20;3;0;M;5;deuda;Muy Facil;Bueno;3 horas;Satisfecho;1;Buena
640;F;16;18;18;17;20;20;17;18;20;20;3;0;M;5;deuda;Muy Facil;Excelente;De 4 horas a más;Muy satisfecho;3;Muy buena
641;F;16;16;17;18;16;17;16;18;20;19;3;0;F;5;deuda;Muy Facil;Bueno;3 horas;Satisfecho;3;Buena
642;F;17;11;13;14;13;12;13;10;15;13;2;0;M;5;deuda;Facil;Indiferente;2 horas;Indiferente;1;Media
643;F;16;13;10;14;12;11;10;9;13;13;2;0;M;5;deuda;Ni Facil ni Dificil;Indiferente;2 horas;Indiferente;1;Media
644;F;16;13;13;16;11;12;11;14;12;11;2;0;F;5;deuda;Ni Facil ni Dificil;Indiferente;2 horas;Indiferente;3;Media
645;F;16;16;17;17;15;16;15;18;17;17;3;0;M;5;deuda;Muy Facil;Bueno;3 horas;Satisfecho;2;Buena
646;F;17;17;16;15;20;19;13;18;20;19;3;0;M;5;deuda;Muy Facil;Bueno;3 horas;Satisfecho;2;Buena
647;F;16;17;18;18;19;19;17;19;20;20;3;0;M;5;deuda;Muy Facil;Excelente;De 4 horas a más;Muy satisfecho;3;Muy buena
648;F;17;17;16;16;18;20;17;18;20;19;3;0;M;5;deuda;Muy Facil;Excelente;De 4 horas a más;Muy satisfecho;5;Muy buena
649;F;17;17;16;17;18;16;16;18;20;18;3;0;M;5;deuda;Muy Facil;Excelente;De 4 horas a más;Muy satisfecho;3;Muy buena
650;F;17;14;16;16;16;16;16;16;17;17;3;0;M;5;deuda;Muy Facil;Bueno;3 horas;Satisfecho;2;Buena
651;F;16;13;17;18;17;16;15;17;18;16;3;0;M;5;deuda;Muy Facil;Bueno;3 horas;Satisfecho;2;Buena
652;F;17;17;17;18;18;19;16;17;18;20;3;0;M;5;deuda;Muy Facil;Excelente;De 4 horas a más;Muy satisfecho;3;Muy buena
653;F;17;13;15;16;16;15;16;15;17;13;3;0;M;5;deuda;Facil;Bueno;3 horas;Satisfecho;2;Buena
654;F;16;16;17;18;17;16;16;18;20;19;3;0;F;5;deuda;Muy Facil;Bueno;3 horas;Satisfecho;3;Buena
655;F;16;17;17;17;20;18;15;17;20;19;3;0;M;5;deuda;Muy Facil;Bueno;3 horas;Satisfecho;1;Buena
656;F;16;18;18;17;19;17;17;18;19;20;3;0;M;5;deuda;Muy Facil;Excelente;De 4 horas a más;Muy satisfecho;1;Muy buena
657;G;16;14;14;19;15;15;17;17;16;12;3;0;F;5;deuda;Facil;Bueno;3 horas;Satisfecho;1;Buena
658;G;16;16;15;18;17;19;16;19;19;17;3;0;M;5;deuda;Muy Facil;Excelente;De 4 horas a más;Muy satisfecho;1;Muy buena
659;G;17;12;14;19;14;18;14;17;18;12;3;0;M;5;deuda;Facil;Bueno;3 horas;Satisfecho;2;Buena
660;G;16;14;15;19;14;15;14;14;16;15;3;0;F;5;deuda;Facil;Bueno;3 horas;Satisfecho;5;Buena
661;G;17;17;17;20;16;16;17;19;18;16;3;0;F;5;deuda;Muy Facil;Bueno;3 horas;Satisfecho;1;Buena
662;G;16;12;14;19;16;13;14;15;16;12;3;0;M;5;deuda;Facil;Bueno;3 horas;Satisfecho;4;Buena
663;G;16;14;17;20;15;15;14;15;17;13;3;0;M;5;deuda;Facil;Bueno;3 horas;Satisfecho;2;Buena
664;G;17;16;16;19;17;18;17;18;19;18;3;0;M;5;deuda;Muy Facil;Excelente;De 4 horas a más;Muy satisfecho;2;Muy buena
665;G;17;15;16;20;16;17;15;17;18;15;3;0;M;5;deuda;Muy Facil;Bueno;3 horas;Satisfecho;2;Buena
666;G;16;15;18;20;17;16;16;16;18;17;3;0;M;5;deuda;Muy Facil;Bueno;3 horas;Satisfecho;1;Buena
667;G;17;17;18;20;16;18;16;19;18;16;3;0;F;5;deuda;Muy Facil;Bueno;3 horas;Satisfecho;3;Buena
668;G;17;14;15;19;17;18;16;17;18;17;3;0;F;5;deuda;Muy Facil;Bueno;3 horas;Satisfecho;5;Buena
669;G;16;13;15;19;16;17;14;15;17;17;3;0;M;5;deuda;Facil;Bueno;3 horas;Satisfecho;5;Buena
670;G;17;9;9;17;13;12;11;13;13;12;2;0;M;5;deuda;Facil;Indiferente;2 horas;Indiferente;1;Media
671;G;16;14;15;19;16;15;15;16;17;13;3;0;M;5;deuda;Facil;Bueno;3 horas;Satisfecho;2;Buena
672;G;17;14;17;18;18;18;15;17;19;15;3;0;M;5;deuda;Muy Facil;Bueno;3 horas;Satisfecho;2;Buena
673;G;17;15;17;19;19;17;18;18;19;17;3;0;M;5;deuda;Muy Facil;Bueno;3 horas;Satisfecho;1;Buena
674;G;16;16;17;20;19;17;17;18;19;18;3;0;F;5;deuda;Muy Facil;Bueno;3 horas;Satisfecho;4;Buena
675;G;16;15;15;19;18;17;16;16;17;18;3;0;F;5;deuda;Muy Facil;Bueno;3 horas;Satisfecho;2;Buena
676;G;16;13;15;19;14;14;13;14;14;15;3;0;F;5;deuda;Facil;Bueno;3 horas;Satisfecho;1;Buena
677;G;17;16;18;20;17;16;16;18;18;18;3;0;F;5;deuda;Muy Facil;Bueno;3 horas;Satisfecho;5;Buena
678;G;17;14;16;20;15;14;15;14;17;14;3;0;M;5;deuda;Facil;Bueno;3 horas;Satisfecho;1;Buena
679;G;17;12;15;18;11;12;10;15;14;13;2;0;M;5;deuda;Facil;Bueno;3 horas;Satisfecho;4;Buena
680;G;17;14;16;19;16;17;16;17;17;16;3;0;M;5;deuda;Muy Facil;Bueno;3 horas;Satisfecho;2;Buena
681;G;16;16;16;19;19;16;16;17;19;17;3;0;F;5;deuda;Muy Facil;Bueno;3 horas;Satisfecho;2;Buena
682;G;16;13;14;19;16;15;15;15;16;15;3;0;F;5;deuda;Facil;Bueno;3 horas;Satisfecho;2;Buena
683;G;17;16;16;19;14;18;14;17;18;18;3;0;M;5;deuda;Muy Facil;Bueno;3 horas;Satisfecho;1;Buena
684;G;17;13;12;17;11;15;11;13;16;16;2;0;M;5;deuda;Facil;Indiferente;2 horas;Indiferente;4;Media
685;H;17;12;13;17;16;15;12;14;16;15;3;0;M;5;deuda;Facil;Bueno;3 horas;Satisfecho;5;Buena
686;H;16;15;15;20;15;15;14;13;15;13;3;0;F;5;deuda;Facil;Bueno;3 horas;Satisfecho;4;Buena
687;H;16;12;13;16;12;15;15;12;13;12;2;0;F;5;deuda;Facil;Bueno;3 horas;Satisfecho;4;Buena
688;H;16;14;15;20;13;13;13;13;14;13;2;0;F;5;deuda;Facil;Bueno;3 horas;Satisfecho;1;Buena
689;H;17;14;14;16;14;16;16;16;17;14;3;0;M;5;deuda;Facil;Bueno;3 horas;Satisfecho;3;Buena
690;H;16;14;13;15;14;15;16;15;16;13;3;0;M;5;deuda;Facil;Bueno;3 horas;Satisfecho;4;Buena
691;H;17;9;11;16;11;12;11;12;9;9;2;0;F;5;deuda;Ni Facil ni Dificil;Indiferente;2 horas;Indiferente;4;Media
692;H;17;16;16;20;18;15;16;17;18;15;3;0;M;5;deuda;Muy Facil;Bueno;3 horas;Satisfecho;2;Buena
693;H;17;15;17;20;17;16;16;17;17;15;3;0;M;5;deuda;Muy Facil;Bueno;3 horas;Satisfecho;4;Buena
694;H;16;14;15;17;13;13;15;16;14;13;3;0;F;5;deuda;Facil;Bueno;3 horas;Satisfecho;2;Buena
695;H;17;16;16;20;12;12;16;15;14;12;2;0;F;5;deuda;Facil;Bueno;3 horas;Satisfecho;2;Buena
696;H;16;13;13;16;15;18;16;15;18;15;3;0;M;5;deuda;Facil;Bueno;3 horas;Satisfecho;2;Buena
697;H;17;14;14;18;11;14;15;14;13;11;2;0;M;5;deuda;Facil;Bueno;3 horas;Satisfecho;5;Buena
698;H;17;15;15;17;17;15;16;16;17;15;3;0;M;5;deuda;Facil;Bueno;3 horas;Satisfecho;2;Buena
699;H;16;13;16;17;15;15;15;16;15;14;3;0;F;5;deuda;Facil;Bueno;3 horas;Satisfecho;3;Buena
700;H;16;13;14;20;12;12;13;13;13;12;2;0;M;5;deuda;Facil;Indiferente;2 horas;Indiferente;1;Media
701;H;16;14;16;19;17;14;16;16;18;14;3;0;M;5;deuda;Facil;Bueno;3 horas;Satisfecho;3;Buena
702;H;17;15;15;20;16;16;15;16;16;15;3;0;M;5;deuda;Facil;Bueno;3 horas;Satisfecho;4;Buena
703;H;17;13;14;17;17;15;13;14;17;16;3;0;M;5;deuda;Facil;Bueno;3 horas;Satisfecho;1;Buena
704;H;17;11;13;18;12;11;12;13;12;10;2;0;M;5;deuda;Ni Facil ni Dificil;Indiferente;2 horas;Indiferente;2;Media
705;H;16;15;16;20;15;16;16;16;15;13;3;0;F;5;deuda;Facil;Bueno;3 horas;Satisfecho;2;Buena
706;H;17;15;16;19;13;13;15;15;14;13;2;0;F;5;deuda;Facil;Bueno;3 horas;Satisfecho;3;Buena
707;H;17;16;14;18;18;18;16;18;18;16;3;0;M;5;deuda;Muy Facil;Bueno;3 horas;Satisfecho;4;Buena
708;H;16;15;16;18;17;16;16;14;17;15;3;0;M;5;deuda;Facil;Bueno;3 horas;Satisfecho;2;Buena
709;H;16;16;16;19;15;13;15;14;17;13;3;0;M;5;deuda;Facil;Bueno;3 horas;Satisfecho;3;Buena
710;H;17;16;14;15;15;15;17;14;18;15;3;0;M;5;deuda;Facil;Bueno;3 horas;Satisfecho;1;Buena
711;H;17;15;17;20;16;16;16;16;17;15;3;0;F;5;deuda;Facil;Bueno;3 horas;Satisfecho;3;Buena
